escenario,modo,repeticion,zone,ticket_id
Esc-2_averia_masiva,c0,1,QUEVEDO_CENTRO,523b470a-a492-48d3-bc32-c444402fc2f7
Esc-2_averia_masiva,c0,1,QUEVEDO_CENTRO,a5e5409a-1fe5-4174-b2d6-169be1bb19a5
Esc-2_averia_masiva,c0,1,QUEVEDO_CENTRO,45ed07f6-ad8f-4e21-8a75-bf6aa5c42022
Esc-2_averia_masiva,c0,1,QUEVEDO_CENTRO,026e455a-5019-4c64-b292-621e896a5b57
Esc-2_averia_masiva,c0,1,QUEVEDO_CENTRO,00262cef-ecfb-41e8-9956-f9672f993816
Esc-2_averia_masiva,c0,1,QUEVEDO_CENTRO,adffd76c-9a8c-46c4-985e-255acf273d38
Esc-2_averia_masiva,c0,1,QUEVEDO_CENTRO,9ddaa05c-07fd-4107-8af3-49b5595f60d4
Esc-2_averia_masiva,c0,1,QUEVEDO_CENTRO,25677047-a1ce-43ad-8e63-f67177a36f54
Esc-2_averia_masiva,c0,1,QUEVEDO_CENTRO,1bd51edd-4064-493a-98c8-0d2dbba4f1b3
Esc-2_averia_masiva,c0,1,QUEVEDO_CENTRO,56b2f650-b54d-474d-b824-6857de39a49f
Esc-2_averia_masiva,c0,1,QUEVEDO_CENTRO,e1935197-01ff-48dc-a194-fa1921a54e0d
Esc-2_averia_masiva,c0,1,QUEVEDO_CENTRO,f41e1198-1fce-426d-8f21-5ca4e882efec
Esc-2_averia_masiva,c0,1,QUEVEDO_CENTRO,541e8982-7720-40d7-8155-572411c18f7a
Esc-2_averia_masiva,c0,1,QUEVEDO_CENTRO,e35d73f7-a984-464c-acfd-cfbc63e49992
Esc-2_averia_masiva,c0,1,QUEVEDO_CENTRO,64e23da9-d330-4303-8d4c-f41397bf8c7f
Esc-2_averia_masiva,c0,1,QUEVEDO_CENTRO,9f47d4ca-e3d0-41b2-8897-492208994ae5
Esc-2_averia_masiva,c0,1,QUEVEDO_CENTRO,5939d284-3b72-4898-a90c-8e93897aec43
Esc-2_averia_masiva,c0,1,QUEVEDO_CENTRO,d2e4404d-0bf1-47bb-afc1-f4501a8580a4
Esc-2_averia_masiva,c0,1,QUEVEDO_CENTRO,7c542866-d5fa-4c8e-a04e-b401d9b8b325
Esc-2_averia_masiva,c0,1,QUEVEDO_CENTRO,f0c505a8-0d0b-426c-8758-07a48f75d81e
Esc-2_averia_masiva,c0,2,QUEVEDO_CENTRO,f8bcf7f7-7845-4f7b-b535-179b3d811d2c
Esc-2_averia_masiva,c0,2,QUEVEDO_CENTRO,51c5a9d8-d2dc-48b0-a073-6033f73f6ad6
Esc-2_averia_masiva,c0,2,QUEVEDO_CENTRO,b09d18c3-c156-41de-8ce2-86b7bac9eadf
Esc-2_averia_masiva,c0,2,QUEVEDO_CENTRO,bfef7888-3f94-4caa-844e-41e175d0d984
Esc-2_averia_masiva,c0,2,QUEVEDO_CENTRO,074a9f0e-f5e8-4822-8dba-befd8c0b5135
Esc-2_averia_masiva,c0,2,QUEVEDO_CENTRO,594db311-3483-475a-b756-6b511cb614d9
Esc-2_averia_masiva,c0,2,QUEVEDO_CENTRO,89ad9b9e-eb7d-4ce2-a701-dd0f78a89048
Esc-2_averia_masiva,c0,2,QUEVEDO_CENTRO,49aba510-e321-4442-a50f-89dd9443a2d6
Esc-2_averia_masiva,c0,2,QUEVEDO_CENTRO,18542bf3-1f89-4b35-9d01-b5b8dd4e339b
Esc-2_averia_masiva,c0,2,QUEVEDO_CENTRO,c3b1b046-b893-429c-ae8a-f39add30df1b
Esc-2_averia_masiva,c0,2,QUEVEDO_CENTRO,482862c2-dfac-4639-baf7-4e7ba909d291
Esc-2_averia_masiva,c0,2,QUEVEDO_CENTRO,2b1a5fab-89bb-4fb5-a63b-11be7838b7f7
Esc-2_averia_masiva,c0,2,QUEVEDO_CENTRO,424cb8e9-7be9-4f54-898d-489999771944
Esc-2_averia_masiva,c0,2,QUEVEDO_CENTRO,deca7222-4f09-41cc-8f28-68f4b9bcc2ac
Esc-2_averia_masiva,c0,2,QUEVEDO_CENTRO,77ef82df-c4b2-4cdc-b48c-fb27372b21b3
Esc-2_averia_masiva,c0,2,QUEVEDO_CENTRO,46c18f81-0ae4-4782-8bf5-3f2feec3b094
Esc-2_averia_masiva,c0,2,QUEVEDO_CENTRO,3703c303-39e1-4912-91eb-3894bc7b44cf
Esc-2_averia_masiva,c0,2,QUEVEDO_CENTRO,0b5fbb34-67e2-4ae0-91f1-de2af2efac80
Esc-2_averia_masiva,c0,2,QUEVEDO_CENTRO,4ac359c8-ab16-4da0-b28e-85e1758d9ae2
Esc-2_averia_masiva,c0,2,QUEVEDO_CENTRO,376625cd-fee7-4d60-92a1-a92ecc2e9787
Esc-2_averia_masiva,c0,3,QUEVEDO_CENTRO,a92f8b05-c84d-4926-9087-7daff0696bb0
Esc-2_averia_masiva,c0,3,QUEVEDO_CENTRO,102bb998-1fef-4ae3-8d8a-90d0ef38642c
Esc-2_averia_masiva,c0,3,QUEVEDO_CENTRO,04c8f2ea-303c-4779-8e48-a62a356e50c7
Esc-2_averia_masiva,c0,3,QUEVEDO_CENTRO,201941b3-5c01-491c-b1a1-2ac7a8f2628c
Esc-2_averia_masiva,c0,3,QUEVEDO_CENTRO,86b4f353-d617-429a-a067-33ff3180da25
Esc-2_averia_masiva,c0,3,QUEVEDO_CENTRO,851a1b63-57f7-4e1d-a309-54b9da74d962
Esc-2_averia_masiva,c0,3,QUEVEDO_CENTRO,618a6b50-d545-4af4-a4dc-35fbff7335c5
Esc-2_averia_masiva,c0,3,QUEVEDO_CENTRO,d6db0fdc-6b73-4d37-bd64-90303b3f6cbf
Esc-2_averia_masiva,c0,3,QUEVEDO_CENTRO,6e2d9894-0907-4bc2-b3d5-0f212e934b71
Esc-2_averia_masiva,c0,3,QUEVEDO_CENTRO,f23102a8-5010-4b4a-b46b-45de89bb6a5c
Esc-2_averia_masiva,c0,3,QUEVEDO_CENTRO,cdcc3151-9cd7-42b5-8323-fab1518b4e57
Esc-2_averia_masiva,c0,3,QUEVEDO_CENTRO,b99eeacb-0be6-447d-a7e6-80310b759a4a
Esc-2_averia_masiva,c0,3,QUEVEDO_CENTRO,94f96530-bfc7-4349-9de2-e7217c636304
Esc-2_averia_masiva,c0,3,QUEVEDO_CENTRO,70f4b703-4466-4798-973d-8af69642899f
Esc-2_averia_masiva,c0,3,QUEVEDO_CENTRO,3b839618-77be-4dd3-abad-8651b279d9ec
Esc-2_averia_masiva,c0,3,QUEVEDO_CENTRO,e0c9b0a7-100a-45d8-8886-a898a70fdc23
Esc-2_averia_masiva,c0,3,QUEVEDO_CENTRO,9c3413b2-5457-4e34-99a2-4c2c57c6f12b
Esc-2_averia_masiva,c0,3,QUEVEDO_CENTRO,5b3d08ea-2ece-432e-9b6e-cfb3f7b8e45a
Esc-2_averia_masiva,c0,3,QUEVEDO_CENTRO,c1d19e93-7fb4-42e8-b3e3-74adeddf6fa6
Esc-2_averia_masiva,c0,3,QUEVEDO_CENTRO,5463e475-3d35-417b-866d-2b60f7acef95
Esc-2_averia_masiva,c0,4,QUEVEDO_CENTRO,154aa473-e8b6-41ea-a100-5114b8dc01b1
Esc-2_averia_masiva,c0,4,QUEVEDO_CENTRO,be1e4005-21f5-441e-a1f6-595a18f17790
Esc-2_averia_masiva,c0,4,QUEVEDO_CENTRO,976ba5c7-b7fc-4798-8200-af5ffeb0ab7c
Esc-2_averia_masiva,c0,4,QUEVEDO_CENTRO,d9109e9e-77b4-4af5-8fa1-cc1cf6826ec0
Esc-2_averia_masiva,c0,4,QUEVEDO_CENTRO,af6c4a40-a6fb-437d-acd8-a9ce614295f0
Esc-2_averia_masiva,c0,4,QUEVEDO_CENTRO,a3d0b851-8bb8-4f08-8276-01886386c4ad
Esc-2_averia_masiva,c0,4,QUEVEDO_CENTRO,70530d0e-0100-4dcb-9931-38f90d895979
Esc-2_averia_masiva,c0,4,QUEVEDO_CENTRO,b316205d-72ea-4bb1-8e5c-49b37c15268a
Esc-2_averia_masiva,c0,4,QUEVEDO_CENTRO,4f2829d5-cc00-4d7a-9b48-0b038299e6bb
Esc-2_averia_masiva,c0,4,QUEVEDO_CENTRO,b42faa37-7626-4b56-8b48-f71334240e48
Esc-2_averia_masiva,c0,4,QUEVEDO_CENTRO,5f29f6b5-1a15-4046-92a8-c0a3049e3105
Esc-2_averia_masiva,c0,4,QUEVEDO_CENTRO,5214dc23-c651-489b-8df1-2ad218e84c53
Esc-2_averia_masiva,c0,4,QUEVEDO_CENTRO,c94a8371-0be2-4ac5-b9e1-dd94f3775c93
Esc-2_averia_masiva,c0,4,QUEVEDO_CENTRO,5771c70b-3956-45d5-96d3-2e502b8d5145
Esc-2_averia_masiva,c0,4,QUEVEDO_CENTRO,bb95a508-29c8-4dec-931d-71c28e07bb51
Esc-2_averia_masiva,c0,4,QUEVEDO_CENTRO,3b97f7a1-3c79-4af3-992f-e18c81d25d73
Esc-2_averia_masiva,c0,4,QUEVEDO_CENTRO,9ff02c8d-efdb-499e-8cb1-1ac9d255cb65
Esc-2_averia_masiva,c0,4,QUEVEDO_CENTRO,0976ffc2-3f53-4a10-bfb0-a294cbfb2c4f
Esc-2_averia_masiva,c0,4,QUEVEDO_CENTRO,91f17afb-6c72-465a-b7af-0cb93c0b89a4
Esc-2_averia_masiva,c0,4,QUEVEDO_CENTRO,60ac7027-d9b2-4254-a317-09d43e09a9b4
Esc-2_averia_masiva,c0,5,QUEVEDO_CENTRO,6e6b284b-127f-43d8-9a32-7e84df034742
Esc-2_averia_masiva,c0,5,QUEVEDO_CENTRO,08adb614-3f7f-409d-a5bf-bbfb5653437c
Esc-2_averia_masiva,c0,5,QUEVEDO_CENTRO,d1b4e8bd-a0b7-4464-8ac4-244da18bc243
Esc-2_averia_masiva,c0,5,QUEVEDO_CENTRO,29e5e875-6c5f-4456-a0a7-53e0cf0a6445
Esc-2_averia_masiva,c0,5,QUEVEDO_CENTRO,11b97df0-c737-48fd-bc5a-3bce771aec02
Esc-2_averia_masiva,c0,5,QUEVEDO_CENTRO,130440ce-f24f-404d-a4eb-3fc7f1d2268a
Esc-2_averia_masiva,c0,5,QUEVEDO_CENTRO,67222bfb-246e-4965-b960-4d386dc199ed
Esc-2_averia_masiva,c0,5,QUEVEDO_CENTRO,c59afc3a-e566-412f-925e-dae985d5c144
Esc-2_averia_masiva,c0,5,QUEVEDO_CENTRO,d3129649-4780-474c-ad80-5c09be5edece
Esc-2_averia_masiva,c0,5,QUEVEDO_CENTRO,56a40bed-82c1-479d-9edb-0bbb8584dcea
Esc-2_averia_masiva,c0,5,QUEVEDO_CENTRO,232a515f-72df-495a-9319-b9b9af9925cb
Esc-2_averia_masiva,c0,5,QUEVEDO_CENTRO,c172e772-1e01-448d-81fb-8509e2cf0d25
Esc-2_averia_masiva,c0,5,QUEVEDO_CENTRO,30089d60-25f6-4b76-b8e2-421aa1270254
Esc-2_averia_masiva,c0,5,QUEVEDO_CENTRO,bfd2fa33-fe1a-42dc-90af-0db371dd7492
Esc-2_averia_masiva,c0,5,QUEVEDO_CENTRO,e17b312f-b2a8-4058-9e37-e74cad4cb554
Esc-2_averia_masiva,c0,5,QUEVEDO_CENTRO,989021c8-9a85-4e69-949f-cc2bcee42f9b
Esc-2_averia_masiva,c0,5,QUEVEDO_CENTRO,a4ea308e-2128-48c0-927e-6eaaa1b070b7
Esc-2_averia_masiva,c0,5,QUEVEDO_CENTRO,f317d75d-24fa-4f9d-94d5-4d670e1a2944
Esc-2_averia_masiva,c0,5,QUEVEDO_CENTRO,7c67bec4-470a-4a08-9282-5648df6e71d7
Esc-2_averia_masiva,c0,5,QUEVEDO_CENTRO,69b14acc-2e01-4528-85a5-bd0b25d23931
Esc-3_averia_mayor,c0,1,QUEVEDO_CENTRO,509b35c0-57fe-4b4e-95fe-8b18915ffdfa
Esc-3_averia_mayor,c0,1,QUEVEDO_CENTRO,f149f6b6-9de6-4ad7-9c5c-82f0dde49781
Esc-3_averia_mayor,c0,1,QUEVEDO_CENTRO,6cf99e44-f57b-4ece-a6e4-9231b7775486
Esc-3_averia_mayor,c0,1,QUEVEDO_CENTRO,d9d7aea5-d16a-4e04-a51b-d4043f4b20ca
Esc-3_averia_mayor,c0,1,QUEVEDO_CENTRO,995017e2-4ec8-412a-b250-29c621ddc8ea
Esc-3_averia_mayor,c0,1,QUEVEDO_CENTRO,c1933779-ea31-4638-8b2a-087b87c0edbb
Esc-3_averia_mayor,c0,1,QUEVEDO_CENTRO,9cc2f1bc-a368-4679-aa36-eee965367198
Esc-3_averia_mayor,c0,1,QUEVEDO_CENTRO,bcf4073b-42fe-4fce-ad0b-07d11c7b695e
Esc-3_averia_mayor,c0,1,QUEVEDO_CENTRO,e77dfa66-9467-4f07-a52c-d886fcb14ab7
Esc-3_averia_mayor,c0,1,QUEVEDO_CENTRO,4bbdae6d-28e2-4127-9654-16c054489acd
Esc-3_averia_mayor,c0,1,QUEVEDO_CENTRO,fc9efbff-e479-4e3a-bf6a-57fc06841d76
Esc-3_averia_mayor,c0,1,QUEVEDO_CENTRO,8c48d0b5-eda9-4f45-8383-13b8b6529e94
Esc-3_averia_mayor,c0,1,QUEVEDO_CENTRO,524758fa-b38b-4cb9-98f2-8b838f3e1487
Esc-3_averia_mayor,c0,1,QUEVEDO_CENTRO,f1766fcd-e1de-4e0a-b64e-c8a8a858c940
Esc-3_averia_mayor,c0,1,QUEVEDO_CENTRO,20b8400d-8a53-41dc-be86-60f9178cec50
Esc-3_averia_mayor,c0,1,QUEVEDO_CENTRO,c6778635-0d36-44a0-916c-f357f1627a9b
Esc-3_averia_mayor,c0,1,QUEVEDO_CENTRO,0a293575-c33f-468c-aff3-b2e02245071a
Esc-3_averia_mayor,c0,1,QUEVEDO_CENTRO,c5c3eb3a-8e5e-4c45-90fa-3cdde825f2a5
Esc-3_averia_mayor,c0,1,QUEVEDO_CENTRO,ab09fc67-0c14-42e9-82aa-6426a7d55b0a
Esc-3_averia_mayor,c0,1,QUEVEDO_CENTRO,26de0d59-80ff-4c3b-a5f6-e0289dcb6b8e
Esc-3_averia_mayor,c0,1,QUEVEDO_CENTRO,3a4dc6f2-8443-4333-8279-3acd71907acb
Esc-3_averia_mayor,c0,1,QUEVEDO_CENTRO,b9e5d345-59cb-4517-ab78-4636924e8f2d
Esc-3_averia_mayor,c0,1,QUEVEDO_CENTRO,d22df2c9-eaed-428d-880e-64e7ec121963
Esc-3_averia_mayor,c0,1,QUEVEDO_CENTRO,6bcfbeeb-c158-4ac4-98a7-68b27dca65e9
Esc-3_averia_mayor,c0,1,QUEVEDO_CENTRO,343b14ad-e827-4fce-829c-8b8369187a50
Esc-3_averia_mayor,c0,1,QUEVEDO_CENTRO,85e23a4e-3e06-4dbf-adad-81df6d23b551
Esc-3_averia_mayor,c0,1,QUEVEDO_CENTRO,b9071742-dcae-437a-802b-5c531c82c475
Esc-3_averia_mayor,c0,1,QUEVEDO_CENTRO,71659d15-1e1b-4ab1-90eb-5f733df9006e
Esc-3_averia_mayor,c0,1,QUEVEDO_CENTRO,c14a1681-d0e9-40e0-8e90-33dbc6f6466f
Esc-3_averia_mayor,c0,1,QUEVEDO_CENTRO,739f6ed3-8380-4047-839b-493bf629dbff
Esc-3_averia_mayor,c0,1,QUEVEDO_CENTRO,bb45d2cf-56c9-455f-ae70-e7bf02dd0164
Esc-3_averia_mayor,c0,1,QUEVEDO_CENTRO,90d1d089-9c54-40fd-8e73-8e45234788e9
Esc-3_averia_mayor,c0,1,QUEVEDO_CENTRO,58fca56b-a66b-415c-bc05-73ea2d6c1325
Esc-3_averia_mayor,c0,1,QUEVEDO_CENTRO,fe940106-5428-4672-8bd7-8c17f6d30658
Esc-3_averia_mayor,c0,1,QUEVEDO_CENTRO,686e761f-296a-4d24-b5c5-41fdefc1c9c1
Esc-3_averia_mayor,c0,1,QUEVEDO_CENTRO,534ff644-a9ec-4aa4-9f40-9d8788bba958
Esc-3_averia_mayor,c0,1,QUEVEDO_CENTRO,3853eedc-f09d-48b3-97c2-83d6253d169a
Esc-3_averia_mayor,c0,1,QUEVEDO_CENTRO,1bdbcc47-5a3e-45df-876e-a3bb84ff11e3
Esc-3_averia_mayor,c0,1,QUEVEDO_CENTRO,0c2e3df5-c05c-4792-9ccb-767d74d626ba
Esc-3_averia_mayor,c0,1,QUEVEDO_CENTRO,55fea324-6e0a-4b66-b19f-e1df0deb9ae0
Esc-3_averia_mayor,c0,1,QUEVEDO_CENTRO,f01f57ce-c6c8-4f45-91cc-8eaff1504b87
Esc-3_averia_mayor,c0,1,QUEVEDO_CENTRO,8a830d70-7945-4b65-bba3-3edb43ba6ac5
Esc-3_averia_mayor,c0,1,QUEVEDO_CENTRO,50b4bbfe-d463-46db-9d63-d3f0eb43bc30
Esc-3_averia_mayor,c0,1,QUEVEDO_CENTRO,d11873f5-9bcf-4af4-b87e-1c570d50e0b0
Esc-3_averia_mayor,c0,1,QUEVEDO_CENTRO,f12f2cb1-eb8b-47d5-ba1a-d0d794d03839
Esc-3_averia_mayor,c0,1,QUEVEDO_CENTRO,54a4526e-3a6d-4f3c-871c-44814b1433a4
Esc-3_averia_mayor,c0,1,QUEVEDO_CENTRO,376c75c8-050a-47ab-a024-0491de6b57df
Esc-3_averia_mayor,c0,1,QUEVEDO_CENTRO,6e322837-97c1-4aea-9af2-9ae91884398c
Esc-3_averia_mayor,c0,1,QUEVEDO_CENTRO,f53f95f3-45dd-4a4f-b750-e441090d21b8
Esc-3_averia_mayor,c0,1,QUEVEDO_CENTRO,cc4af602-0409-4460-86d1-3a5fb0f1e9e5
Esc-3_averia_mayor,c0,1,QUEVEDO_CENTRO,18b03109-ade0-4bf9-9d54-6ee871c1c08e
Esc-3_averia_mayor,c0,1,QUEVEDO_CENTRO,414174b1-1db7-441e-b293-7e3eccee0678
Esc-3_averia_mayor,c0,1,QUEVEDO_CENTRO,da8e3bde-f8ed-4462-a461-bc4b106eb3b8
Esc-3_averia_mayor,c0,1,QUEVEDO_CENTRO,75866ce1-7f03-4f13-bfdf-9d09242199d9
Esc-3_averia_mayor,c0,1,QUEVEDO_CENTRO,f0339874-9479-4c0c-a506-6cea432411f3
Esc-3_averia_mayor,c0,1,QUEVEDO_CENTRO,0435ef90-b04e-41d3-9b1f-4ddd1e1768f1
Esc-3_averia_mayor,c0,1,QUEVEDO_CENTRO,c90d44f9-b47f-4d1b-922c-ebce5199757e
Esc-3_averia_mayor,c0,1,QUEVEDO_CENTRO,19066755-6114-4ebe-adf2-e64029d6aa23
Esc-3_averia_mayor,c0,1,QUEVEDO_CENTRO,a4531444-288b-461d-833e-382cd91a6e98
Esc-3_averia_mayor,c0,1,QUEVEDO_CENTRO,dfeacf53-0d28-48d3-a353-85d73bddad3d
Esc-3_averia_mayor,c0,2,QUEVEDO_CENTRO,a0450caf-c750-4a97-8d86-e361abde7479
Esc-3_averia_mayor,c0,2,QUEVEDO_CENTRO,5de93ef2-7a5a-4418-9afb-5f5f33dbdd67
Esc-3_averia_mayor,c0,2,QUEVEDO_CENTRO,a5de5e86-8653-4183-a94b-cb16683fb0da
Esc-3_averia_mayor,c0,2,QUEVEDO_CENTRO,427905ce-996a-4e19-84a8-5e14eda3b61f
Esc-3_averia_mayor,c0,2,QUEVEDO_CENTRO,5936e343-8f7c-45f8-aaeb-ab8d49c67092
Esc-3_averia_mayor,c0,2,QUEVEDO_CENTRO,9915aa20-8707-4c83-a3d0-2ef86547f7ae
Esc-3_averia_mayor,c0,2,QUEVEDO_CENTRO,c4cc1304-febe-4454-b8e2-10a37bd0bbfb
Esc-3_averia_mayor,c0,2,QUEVEDO_CENTRO,73ca73ef-784c-483f-8a96-67c4fd7ab735
Esc-3_averia_mayor,c0,2,QUEVEDO_CENTRO,fc104155-7376-44c2-a502-b9f72bab68e8
Esc-3_averia_mayor,c0,2,QUEVEDO_CENTRO,f36b4f50-db78-4367-8124-ff2856efeb87
Esc-3_averia_mayor,c0,2,QUEVEDO_CENTRO,32225e93-38e9-424a-a63b-b7bd226e079c
Esc-3_averia_mayor,c0,2,QUEVEDO_CENTRO,9b998c1e-53e2-4d09-af67-1a73cbb47a17
Esc-3_averia_mayor,c0,2,QUEVEDO_CENTRO,ead09f99-f8c0-4c11-a50a-07961fcad86f
Esc-3_averia_mayor,c0,2,QUEVEDO_CENTRO,887fcfb5-4487-4687-86c5-65105becc594
Esc-3_averia_mayor,c0,2,QUEVEDO_CENTRO,a2ce72d1-b547-4acf-8223-484807278b40
Esc-3_averia_mayor,c0,2,QUEVEDO_CENTRO,e0872b34-b7e0-4230-8289-14386ed3aa44
Esc-3_averia_mayor,c0,2,QUEVEDO_CENTRO,0fb0fa0d-1b7e-420b-86a8-dc4d86d7617b
Esc-3_averia_mayor,c0,2,QUEVEDO_CENTRO,cca17b97-bbc4-4a3e-8063-9c7c48bccee3
Esc-3_averia_mayor,c0,2,QUEVEDO_CENTRO,649f023c-5ba7-4964-bcf3-5bd804fc86ef
Esc-3_averia_mayor,c0,2,QUEVEDO_CENTRO,32c1f9e2-779d-4787-8091-1700c94b6086
Esc-3_averia_mayor,c0,2,QUEVEDO_CENTRO,22da1d64-ec29-40f8-8a62-f9be24dbccb8
Esc-3_averia_mayor,c0,2,QUEVEDO_CENTRO,91a44cac-f1fa-455d-a14a-36c2b8f3ea86
Esc-3_averia_mayor,c0,2,QUEVEDO_CENTRO,d4b3fa78-eba1-4461-b437-bd28eda1adf0
Esc-3_averia_mayor,c0,2,QUEVEDO_CENTRO,3dc6d70f-15f4-43da-b0de-50a85603d3c7
Esc-3_averia_mayor,c0,2,QUEVEDO_CENTRO,d73529e1-a53f-4b5f-ae11-ed003c9f3aa0
Esc-3_averia_mayor,c0,2,QUEVEDO_CENTRO,5e845bae-a013-4ac5-84bb-9a0bf9869d41
Esc-3_averia_mayor,c0,2,QUEVEDO_CENTRO,8b0c608f-c0a4-4ee1-9005-e4b9b922281f
Esc-3_averia_mayor,c0,2,QUEVEDO_CENTRO,0ea331cd-79b5-489e-a599-c0b2d4190a91
Esc-3_averia_mayor,c0,2,QUEVEDO_CENTRO,77e15e83-0858-4c04-8f57-d404a66e7b7e
Esc-3_averia_mayor,c0,2,QUEVEDO_CENTRO,c886ebd2-7dfd-49e3-83ed-d6726a0408ba
Esc-3_averia_mayor,c0,2,QUEVEDO_CENTRO,24c7555c-be93-4887-9cdf-fa964d6685cc
Esc-3_averia_mayor,c0,2,QUEVEDO_CENTRO,740d4714-b26b-4695-abbe-9b85526b454c
Esc-3_averia_mayor,c0,2,QUEVEDO_CENTRO,fc267759-71c1-45a2-8343-299c226e5046
Esc-3_averia_mayor,c0,2,QUEVEDO_CENTRO,5f76f441-26d9-497d-be8f-9338319c5805
Esc-3_averia_mayor,c0,2,QUEVEDO_CENTRO,d7b4ee07-45fd-47cb-b3c3-191a8914a454
Esc-3_averia_mayor,c0,2,QUEVEDO_CENTRO,ac2f1278-a095-4a72-9df3-878b78edf9bd
Esc-3_averia_mayor,c0,2,QUEVEDO_CENTRO,ecae2893-1f50-42e9-8719-e8795c15be84
Esc-3_averia_mayor,c0,2,QUEVEDO_CENTRO,613aa6c4-0522-4611-9fea-bc45fd33a06c
Esc-3_averia_mayor,c0,2,QUEVEDO_CENTRO,68e88c06-2c99-46c9-acaf-3b11c59d1779
Esc-3_averia_mayor,c0,2,QUEVEDO_CENTRO,2d0f1d25-c1d9-4c53-bf17-875d710694f6
Esc-3_averia_mayor,c0,2,QUEVEDO_CENTRO,ae639df2-d522-4f0f-a9cf-e43f23043bca
Esc-3_averia_mayor,c0,2,QUEVEDO_CENTRO,39341ab4-6bd7-4ae8-9fb9-21137d57fbd4
Esc-3_averia_mayor,c0,2,QUEVEDO_CENTRO,8db97cdd-3573-4268-91d6-bb15f208f969
Esc-3_averia_mayor,c0,2,QUEVEDO_CENTRO,0c75928a-f579-41e5-99c9-83e0b97fa9dc
Esc-3_averia_mayor,c0,2,QUEVEDO_CENTRO,5cb1aadc-94ef-4dfb-8b81-4408f6e8c2c0
Esc-3_averia_mayor,c0,2,QUEVEDO_CENTRO,47f17acb-fcda-44f2-a698-f0a61c1472d7
Esc-3_averia_mayor,c0,2,QUEVEDO_CENTRO,dec8b198-501e-4cb9-9a13-82143a34f801
Esc-3_averia_mayor,c0,2,QUEVEDO_CENTRO,149130e7-97e6-4b7b-8e5b-e4f6040f59e8
Esc-3_averia_mayor,c0,2,QUEVEDO_CENTRO,6a7f74f9-1aaa-4fcb-8416-b7f5e8644f87
Esc-3_averia_mayor,c0,2,QUEVEDO_CENTRO,418218e4-ba84-4170-b4c3-033354b40523
Esc-3_averia_mayor,c0,2,QUEVEDO_CENTRO,a5804694-27c3-4649-9091-f21c2b6c19d1
Esc-3_averia_mayor,c0,2,QUEVEDO_CENTRO,ae0d3e63-f049-4d98-9539-efdbd7ada889
Esc-3_averia_mayor,c0,2,QUEVEDO_CENTRO,d38081cb-4ec6-459d-9322-83de1657499d
Esc-3_averia_mayor,c0,2,QUEVEDO_CENTRO,4dbb2743-5f54-4878-ae43-a111dd31ba76
Esc-3_averia_mayor,c0,2,QUEVEDO_CENTRO,697762ec-76af-4ba3-9f41-284b66ea7266
Esc-3_averia_mayor,c0,2,QUEVEDO_CENTRO,091ec712-2964-472d-ab6a-cc5a1ba52a0d
Esc-3_averia_mayor,c0,2,QUEVEDO_CENTRO,7063a116-115c-43f6-afcb-3974dcead35c
Esc-3_averia_mayor,c0,2,QUEVEDO_CENTRO,37169bff-3a34-4d6a-b48d-12143a67607d
Esc-3_averia_mayor,c0,2,QUEVEDO_CENTRO,4c88950c-51cd-4641-a417-48dac925aa78
Esc-3_averia_mayor,c0,2,QUEVEDO_CENTRO,eb7f7448-ccba-4a2d-b449-7c8ba64f0829
Esc-3_averia_mayor,c0,3,QUEVEDO_CENTRO,ad45ef08-44b3-407a-a7d1-22e38e7aa2b3
Esc-3_averia_mayor,c0,3,QUEVEDO_CENTRO,a26b7cde-b5d2-4f60-a192-ac0000753069
Esc-3_averia_mayor,c0,3,QUEVEDO_CENTRO,fbfb8373-7994-41b2-8412-525504e052c8
Esc-3_averia_mayor,c0,3,QUEVEDO_CENTRO,a96230b8-ce2a-41ef-bcff-4b591f787b88
Esc-3_averia_mayor,c0,3,QUEVEDO_CENTRO,c9e0ded8-1a44-4a95-ab90-cb1322202051
Esc-3_averia_mayor,c0,3,QUEVEDO_CENTRO,92a6cdce-dd7c-403b-b4f5-0541ea734682
Esc-3_averia_mayor,c0,3,QUEVEDO_CENTRO,c4c007a1-6267-41a8-b448-7a1d1e209519
Esc-3_averia_mayor,c0,3,QUEVEDO_CENTRO,3dc36816-0ce6-41e8-8d1a-fadf24c31156
Esc-3_averia_mayor,c0,3,QUEVEDO_CENTRO,65db8a2f-f99a-46d1-a753-058a9b739ab2
Esc-3_averia_mayor,c0,3,QUEVEDO_CENTRO,c7da0a36-f964-4c89-9c21-5e7bac39d4c6
Esc-3_averia_mayor,c0,3,QUEVEDO_CENTRO,1a1201ce-457c-4639-9c8f-137b6e3d333f
Esc-3_averia_mayor,c0,3,QUEVEDO_CENTRO,9389c879-9618-4913-a926-bacd61956af8
Esc-3_averia_mayor,c0,3,QUEVEDO_CENTRO,8f15caf1-b8cc-4bfc-a5ad-372d949221a5
Esc-3_averia_mayor,c0,3,QUEVEDO_CENTRO,537e37e3-0602-4e1a-b651-fca4a8cb3ffe
Esc-3_averia_mayor,c0,3,QUEVEDO_CENTRO,9a4b20ca-c8db-4bec-959d-7aa4fa537520
Esc-3_averia_mayor,c0,3,QUEVEDO_CENTRO,d79c2f34-3b93-4ce2-b31e-2f1f9674b01d
Esc-3_averia_mayor,c0,3,QUEVEDO_CENTRO,ecbad567-5177-47a8-abbd-73945c6bc4f9
Esc-3_averia_mayor,c0,3,QUEVEDO_CENTRO,8125b5bf-2f4c-4863-bfca-8d3e33bdb014
Esc-3_averia_mayor,c0,3,QUEVEDO_CENTRO,bc3010b5-d247-43b3-b81b-c01a7add8e7c
Esc-3_averia_mayor,c0,3,QUEVEDO_CENTRO,68a33257-0774-441d-bec5-b27fc339d24c
Esc-3_averia_mayor,c0,3,QUEVEDO_CENTRO,f395760a-ebc8-4165-917c-68e3e5172eda
Esc-3_averia_mayor,c0,3,QUEVEDO_CENTRO,0cb71eac-ca4e-42de-bb7d-2315cd7d39b0
Esc-3_averia_mayor,c0,3,QUEVEDO_CENTRO,4b9d80a8-2327-4263-895b-0e26fbce6893
Esc-3_averia_mayor,c0,3,QUEVEDO_CENTRO,6fa88561-34d4-424b-9bcf-bccee2f00874
Esc-3_averia_mayor,c0,3,QUEVEDO_CENTRO,7aa3d2c3-15be-4166-9dce-24276e0aa49e
Esc-3_averia_mayor,c0,3,QUEVEDO_CENTRO,cef3b4be-aa92-4f5d-9948-84d57ee5de64
Esc-3_averia_mayor,c0,3,QUEVEDO_CENTRO,7030c76a-0aa8-41c5-b90b-f257b32ca17f
Esc-3_averia_mayor,c0,3,QUEVEDO_CENTRO,4276e773-1893-49ef-a44d-8425acb7a24c
Esc-3_averia_mayor,c0,3,QUEVEDO_CENTRO,5cdde13c-740c-4ac9-a8d3-d92c310d5676
Esc-3_averia_mayor,c0,3,QUEVEDO_CENTRO,3aba6d12-e00a-4cef-aeda-15e03f709aef
Esc-3_averia_mayor,c0,3,QUEVEDO_CENTRO,a0c10d13-dba4-46f6-940e-7f4e3df44619
Esc-3_averia_mayor,c0,3,QUEVEDO_CENTRO,966d8317-4ef9-4163-902d-1ea3faf9a1f8
Esc-3_averia_mayor,c0,3,QUEVEDO_CENTRO,b9958d7d-ea6c-42d5-8ab4-c9053b2c9a86
Esc-3_averia_mayor,c0,3,QUEVEDO_CENTRO,1adc7942-cd38-4f79-9553-f7691293038a
Esc-3_averia_mayor,c0,3,QUEVEDO_CENTRO,b7b98d4b-4c0d-47d6-88c8-fce03361adf4
Esc-3_averia_mayor,c0,3,QUEVEDO_CENTRO,33338c17-8bd5-4d93-a8ac-cb741c6d708c
Esc-3_averia_mayor,c0,3,QUEVEDO_CENTRO,ba63ed46-567a-4444-ad81-3f225ee819cf
Esc-3_averia_mayor,c0,3,QUEVEDO_CENTRO,d564c6bb-287b-4c97-8f4d-fa06fbad8731
Esc-3_averia_mayor,c0,3,QUEVEDO_CENTRO,500cb877-428c-45c5-8a33-e535dd707ea1
Esc-3_averia_mayor,c0,3,QUEVEDO_CENTRO,d2c7f1d1-7630-4b99-a86c-a42f49ddf4fa
Esc-3_averia_mayor,c0,3,QUEVEDO_CENTRO,46d4545f-873e-4028-a1d8-213d5ad29802
Esc-3_averia_mayor,c0,3,QUEVEDO_CENTRO,a5608e0d-eb41-4929-ab66-cb483c31357e
Esc-3_averia_mayor,c0,3,QUEVEDO_CENTRO,69775883-9cfd-4086-9bea-e11dd90b416a
Esc-3_averia_mayor,c0,3,QUEVEDO_CENTRO,dda7b5d5-b7fd-43ea-95fd-7fe8a5139233
Esc-3_averia_mayor,c0,3,QUEVEDO_CENTRO,a85a2ea5-1fe4-40ca-b755-20d8600767dd
Esc-3_averia_mayor,c0,3,QUEVEDO_CENTRO,5b23c414-6e67-48de-ad62-f1969c7876bc
Esc-3_averia_mayor,c0,3,QUEVEDO_CENTRO,ad6c6fb5-bdc8-48b0-9623-676df0f970c4
Esc-3_averia_mayor,c0,3,QUEVEDO_CENTRO,21317229-fde2-4bae-86d7-dab4fcbff7ea
Esc-3_averia_mayor,c0,3,QUEVEDO_CENTRO,5722bb81-ac0a-447e-b25b-be66383e6689
Esc-3_averia_mayor,c0,3,QUEVEDO_CENTRO,ed09f029-eb4f-46a2-b1d2-4b4b3e6cbc9a
Esc-3_averia_mayor,c0,3,QUEVEDO_CENTRO,2eea056c-8299-458d-9623-169ae7eb3cb3
Esc-3_averia_mayor,c0,3,QUEVEDO_CENTRO,1bfe6a37-1200-4cd4-a66a-cef09b47daf5
Esc-3_averia_mayor,c0,3,QUEVEDO_CENTRO,67957cbb-909a-47e5-ba9a-455fff9d62be
Esc-3_averia_mayor,c0,3,QUEVEDO_CENTRO,c8308de8-e78c-4771-89b3-0a8644a02819
Esc-3_averia_mayor,c0,3,QUEVEDO_CENTRO,4f9ab93b-3b54-4678-b612-4f1bcac4c1c0
Esc-3_averia_mayor,c0,3,QUEVEDO_CENTRO,27795f35-6ead-4146-8478-eb5e70916551
Esc-3_averia_mayor,c0,3,QUEVEDO_CENTRO,8f770a6e-5efd-4ba9-9cfe-c78b8cfae57d
Esc-3_averia_mayor,c0,3,QUEVEDO_CENTRO,9d1efe1e-0f8b-49ab-b51c-c4223133f28e
Esc-3_averia_mayor,c0,3,QUEVEDO_CENTRO,65feb977-5ff1-415e-a96b-753d5d96c65b
Esc-3_averia_mayor,c0,3,QUEVEDO_CENTRO,249a3f67-1f44-4717-b5e2-f96c9fb3de39
Esc-3_averia_mayor,c0,4,QUEVEDO_CENTRO,116dee68-7d6a-48c0-bb8e-afacd1b2ea82
Esc-3_averia_mayor,c0,4,QUEVEDO_CENTRO,76c6b48d-27e9-4610-b1b2-91577046b70d
Esc-3_averia_mayor,c0,4,QUEVEDO_CENTRO,11f1d651-26d4-486c-b0c1-8e8e655ea01e
Esc-3_averia_mayor,c0,4,QUEVEDO_CENTRO,efe669b9-109c-4953-8608-138eee9c01d3
Esc-3_averia_mayor,c0,4,QUEVEDO_CENTRO,324cd476-0d3e-493f-8202-c0ab6ed42fb7
Esc-3_averia_mayor,c0,4,QUEVEDO_CENTRO,b5c93ccc-c0f4-416f-b562-3de95ff78866
Esc-3_averia_mayor,c0,4,QUEVEDO_CENTRO,a83686a1-8d16-4a30-96be-da2d7e012013
Esc-3_averia_mayor,c0,4,QUEVEDO_CENTRO,99b36e05-2443-4e06-8766-b7dd4e8bab3a
Esc-3_averia_mayor,c0,4,QUEVEDO_CENTRO,cebd99e5-adcd-448f-8419-12dc3bb6f700
Esc-3_averia_mayor,c0,4,QUEVEDO_CENTRO,4a8a835d-3174-4fb6-820e-f7952c26664f
Esc-3_averia_mayor,c0,4,QUEVEDO_CENTRO,c0933388-9911-47ae-a55f-2856fbd73176
Esc-3_averia_mayor,c0,4,QUEVEDO_CENTRO,1c20fa27-8d85-493c-8a04-8ef95049948f
Esc-3_averia_mayor,c0,4,QUEVEDO_CENTRO,e73093f0-f147-4e0a-a079-a39c657df4f1
Esc-3_averia_mayor,c0,4,QUEVEDO_CENTRO,0f1cb72c-53ab-4a4f-8ff0-1f5712f6aa48
Esc-3_averia_mayor,c0,4,QUEVEDO_CENTRO,af24736e-2b1a-4107-b328-c5c2fb0272ee
Esc-3_averia_mayor,c0,4,QUEVEDO_CENTRO,5611390c-37ba-44e5-9563-b8b0bc0657d5
Esc-3_averia_mayor,c0,4,QUEVEDO_CENTRO,214f5cc0-1c20-40fc-a3ca-61291badd1c2
Esc-3_averia_mayor,c0,4,QUEVEDO_CENTRO,a45a2f9d-708c-4bbe-85b1-aa7403b17f37
Esc-3_averia_mayor,c0,4,QUEVEDO_CENTRO,9335845f-3994-4b77-87c1-35f7bb45ee6a
Esc-3_averia_mayor,c0,4,QUEVEDO_CENTRO,b4f2c286-cc2e-4e74-9a5d-8b212792edb2
Esc-3_averia_mayor,c0,4,QUEVEDO_CENTRO,2198e98d-21df-42ad-8332-20840fda1133
Esc-3_averia_mayor,c0,4,QUEVEDO_CENTRO,ad842cbf-78f6-4149-a8dc-2ddd781ebde2
Esc-3_averia_mayor,c0,4,QUEVEDO_CENTRO,38dee11c-73d1-4d75-b62b-23fb4d534f5b
Esc-3_averia_mayor,c0,4,QUEVEDO_CENTRO,a416fb00-1fbf-4644-80a2-1f9b2cd29480
Esc-3_averia_mayor,c0,4,QUEVEDO_CENTRO,a3b58815-7f8a-4adc-9ab9-a41f8e92c74d
Esc-3_averia_mayor,c0,4,QUEVEDO_CENTRO,bcdb2cae-a615-4b7b-af10-b3754d8c0b23
Esc-3_averia_mayor,c0,4,QUEVEDO_CENTRO,b5cb26fb-3de8-4d99-aa10-70865b3062c8
Esc-3_averia_mayor,c0,4,QUEVEDO_CENTRO,814bb266-72b4-4a78-8574-af63e8b5e5e6
Esc-3_averia_mayor,c0,4,QUEVEDO_CENTRO,b66a2be4-8050-47af-817d-032e43cc578a
Esc-3_averia_mayor,c0,4,QUEVEDO_CENTRO,ef6d09bb-19da-46e2-b1b0-e4f50a672f4f
Esc-3_averia_mayor,c0,4,QUEVEDO_CENTRO,edcad697-7d64-438f-804d-120e5fa7d530
Esc-3_averia_mayor,c0,4,QUEVEDO_CENTRO,e329d143-ce09-4d55-88d7-2768062aa918
Esc-3_averia_mayor,c0,4,QUEVEDO_CENTRO,30e0587c-d4b5-4b95-b383-80311a841498
Esc-3_averia_mayor,c0,4,QUEVEDO_CENTRO,fd003d29-065d-4a39-9fcb-871adffe5755
Esc-3_averia_mayor,c0,4,QUEVEDO_CENTRO,a36826dc-c99b-4b0a-b4e0-eec40b1085c1
Esc-3_averia_mayor,c0,4,QUEVEDO_CENTRO,2a8dd04d-6849-4822-b302-bfc55864b5af
Esc-3_averia_mayor,c0,4,QUEVEDO_CENTRO,32b5ba14-de3e-4ec3-97d3-fbe2557892e4
Esc-3_averia_mayor,c0,4,QUEVEDO_CENTRO,24175542-3b48-4474-922c-5cd99f8bff84
Esc-3_averia_mayor,c0,4,QUEVEDO_CENTRO,fc97c45d-4a04-476c-b90a-fadb13ffb8e0
Esc-3_averia_mayor,c0,4,QUEVEDO_CENTRO,a275e216-2431-499c-8bba-1cb72bb8e4b1
Esc-3_averia_mayor,c0,4,QUEVEDO_CENTRO,27ce4510-ebdd-412d-b94c-11b12b29e3a9
Esc-3_averia_mayor,c0,4,QUEVEDO_CENTRO,ca8f7c52-2108-4487-b1f8-f78d09c2f186
Esc-3_averia_mayor,c0,4,QUEVEDO_CENTRO,9ec7c319-29f9-4d60-a80a-77a8c14828bb
Esc-3_averia_mayor,c0,4,QUEVEDO_CENTRO,308766b5-d77a-47f9-aa27-f4fc08bfc807
Esc-3_averia_mayor,c0,4,QUEVEDO_CENTRO,13d96855-9fd0-4bbd-8a27-579abd28dc1f
Esc-3_averia_mayor,c0,4,QUEVEDO_CENTRO,869e1531-d80d-4b08-bd8a-6d84f6bfccb0
Esc-3_averia_mayor,c0,4,QUEVEDO_CENTRO,3c1bf990-0185-4744-83ff-d657279a578e
Esc-3_averia_mayor,c0,4,QUEVEDO_CENTRO,9d36f9c3-6db2-4ded-aade-a16a170fbc4d
Esc-3_averia_mayor,c0,4,QUEVEDO_CENTRO,d67d5feb-8e15-44d1-96c7-b9f6faf06f50
Esc-3_averia_mayor,c0,4,QUEVEDO_CENTRO,ee3661f7-65a6-496e-95ee-ccb4417fa469
Esc-3_averia_mayor,c0,4,QUEVEDO_CENTRO,dae9e66b-b8e5-4695-8ace-704d582c907f
Esc-3_averia_mayor,c0,4,QUEVEDO_CENTRO,83c9f051-d163-452d-a302-7bc7feb2d2b0
Esc-3_averia_mayor,c0,4,QUEVEDO_CENTRO,6f9e7fe6-421e-43b4-8b28-63ca3d436798
Esc-3_averia_mayor,c0,4,QUEVEDO_CENTRO,e66054fb-6740-4e02-9716-bd08e4398d3b
Esc-3_averia_mayor,c0,4,QUEVEDO_CENTRO,f57066b2-cd03-4636-b0c6-6168cbc15d3c
Esc-3_averia_mayor,c0,4,QUEVEDO_CENTRO,ac848d4b-0181-4427-bdc6-3eb99a6472ee
Esc-3_averia_mayor,c0,4,QUEVEDO_CENTRO,85e669f1-1078-4c77-be81-b433072ddf34
Esc-3_averia_mayor,c0,4,QUEVEDO_CENTRO,b90c12cd-c3fc-47b6-85f9-fa0334b1015f
Esc-3_averia_mayor,c0,4,QUEVEDO_CENTRO,a86f118a-9c2c-4324-bcc5-6ef421201391
Esc-3_averia_mayor,c0,4,QUEVEDO_CENTRO,6dafae51-5c3e-449a-8e42-74a4b88e6861
Esc-3_averia_mayor,c0,5,QUEVEDO_CENTRO,7e8aaaa8-26ea-4826-9d95-a8d6d71509fa
Esc-3_averia_mayor,c0,5,QUEVEDO_CENTRO,275a5f04-6292-45a6-9607-916b7031b47f
Esc-3_averia_mayor,c0,5,QUEVEDO_CENTRO,21919eb9-c6e3-4bfc-8c9c-5866e2fcc82f
Esc-3_averia_mayor,c0,5,QUEVEDO_CENTRO,f7e9059a-9b6c-4229-ad10-88c8d39d72a2
Esc-3_averia_mayor,c0,5,QUEVEDO_CENTRO,807f1301-005a-4562-a755-b8e7f677c6fa
Esc-3_averia_mayor,c0,5,QUEVEDO_CENTRO,9f499c3a-f00e-4c8e-81c0-4be9714cf7b6
Esc-3_averia_mayor,c0,5,QUEVEDO_CENTRO,d752d8fc-e25d-45af-a79e-1fed0ecadc04
Esc-3_averia_mayor,c0,5,QUEVEDO_CENTRO,a58a6f09-6930-4113-a150-fe64781ce640
Esc-3_averia_mayor,c0,5,QUEVEDO_CENTRO,eb7b8ab0-6803-405d-a3b1-d7ac90dbef17
Esc-3_averia_mayor,c0,5,QUEVEDO_CENTRO,f053a5ac-3a2d-4fd1-bc58-e84836bc643a
Esc-3_averia_mayor,c0,5,QUEVEDO_CENTRO,d1cea4de-8020-46c8-8e50-09be33ef2997
Esc-3_averia_mayor,c0,5,QUEVEDO_CENTRO,eeb74703-1381-4f05-a721-164dadbc3128
Esc-3_averia_mayor,c0,5,QUEVEDO_CENTRO,bc626d54-e828-4ac7-abfc-14f7c092732a
Esc-3_averia_mayor,c0,5,QUEVEDO_CENTRO,adadd0d1-c9f7-4161-9380-62a2206e7afe
Esc-3_averia_mayor,c0,5,QUEVEDO_CENTRO,9af3f1c5-da00-495e-b41d-c8cf31ee5245
Esc-3_averia_mayor,c0,5,QUEVEDO_CENTRO,6f9d6a6b-4e45-4cbe-b694-c02b8684202b
Esc-3_averia_mayor,c0,5,QUEVEDO_CENTRO,59a5105c-20df-4837-99ea-460662abef0d
Esc-3_averia_mayor,c0,5,QUEVEDO_CENTRO,e2f26e07-0403-4f23-8b2e-399021ff82bd
Esc-3_averia_mayor,c0,5,QUEVEDO_CENTRO,db174028-7d97-4117-a019-5574d3e0a570
Esc-3_averia_mayor,c0,5,QUEVEDO_CENTRO,60b131de-f488-42ca-ad16-70aa8968c4cd
Esc-3_averia_mayor,c0,5,QUEVEDO_CENTRO,1c8717b1-caee-4fe6-8dec-0108695dba55
Esc-3_averia_mayor,c0,5,QUEVEDO_CENTRO,f7046ca2-97fa-4a6f-a150-cca468ec3515
Esc-3_averia_mayor,c0,5,QUEVEDO_CENTRO,7765aa9b-1f4d-4ef3-b302-74a51f9cf8ff
Esc-3_averia_mayor,c0,5,QUEVEDO_CENTRO,e743cd25-d1bd-46e9-bc96-c1a4aaf93d5b
Esc-3_averia_mayor,c0,5,QUEVEDO_CENTRO,c951543f-8554-4c6c-9d6d-69c728463ea6
Esc-3_averia_mayor,c0,5,QUEVEDO_CENTRO,c339decd-007c-482e-bc20-3fc724e8f4e3
Esc-3_averia_mayor,c0,5,QUEVEDO_CENTRO,910a8234-b0a5-403d-9305-c47401a158b2
Esc-3_averia_mayor,c0,5,QUEVEDO_CENTRO,19f3cd11-7a89-4136-8d73-0d52cef91489
Esc-3_averia_mayor,c0,5,QUEVEDO_CENTRO,8d36c40d-c9d3-43ac-a3e8-f65ea37a0baa
Esc-3_averia_mayor,c0,5,QUEVEDO_CENTRO,a7f2a2d4-e9c8-44f4-b191-86663cc4963d
Esc-3_averia_mayor,c0,5,QUEVEDO_CENTRO,0f22e4b5-d884-4383-ad44-4b13c9c1fc72
Esc-3_averia_mayor,c0,5,QUEVEDO_CENTRO,3eeaa63e-fefb-4fca-b571-5056c1a169de
Esc-3_averia_mayor,c0,5,QUEVEDO_CENTRO,3b2e5d6d-4945-4e4a-bc42-b9734c65c912
Esc-3_averia_mayor,c0,5,QUEVEDO_CENTRO,259f42ed-4025-46c0-905c-4ed48eda523f
Esc-3_averia_mayor,c0,5,QUEVEDO_CENTRO,fa2b36d4-daef-4ee1-9bdc-aac59c3b673b
Esc-3_averia_mayor,c0,5,QUEVEDO_CENTRO,986de51c-338d-47cf-b2b5-98c0279f5072
Esc-3_averia_mayor,c0,5,QUEVEDO_CENTRO,3003fc53-dc9b-4268-9db1-6046eeba6e12
Esc-3_averia_mayor,c0,5,QUEVEDO_CENTRO,56c58703-ccc4-4c64-b90f-6c760f6ec600
Esc-3_averia_mayor,c0,5,QUEVEDO_CENTRO,385dfa71-c746-4a9f-b1ae-15f5dd8578f0
Esc-3_averia_mayor,c0,5,QUEVEDO_CENTRO,179e02da-3e15-44d2-befc-5602245b1ac8
Esc-3_averia_mayor,c0,5,QUEVEDO_CENTRO,0eba2d5f-688f-462f-83f6-b3e810e21751
Esc-3_averia_mayor,c0,5,QUEVEDO_CENTRO,94d6f863-59df-4533-ac24-8bda973d89d3
Esc-3_averia_mayor,c0,5,QUEVEDO_CENTRO,9b1d12c6-3e60-459b-8db1-04a845fd7496
Esc-3_averia_mayor,c0,5,QUEVEDO_CENTRO,4dd6eda7-2112-4b65-9b2b-604ed32d88a7
Esc-3_averia_mayor,c0,5,QUEVEDO_CENTRO,2a714f5a-9011-4433-8393-68efba8ddb08
Esc-3_averia_mayor,c0,5,QUEVEDO_CENTRO,bb160bb3-c723-40ca-a4c1-77eea0139206
Esc-3_averia_mayor,c0,5,QUEVEDO_CENTRO,8bfd4559-9969-497b-91d2-0371f3fa11b2
Esc-3_averia_mayor,c0,5,QUEVEDO_CENTRO,3800ca07-01c5-4a1e-a57d-301dd3a47cb3
Esc-3_averia_mayor,c0,5,QUEVEDO_CENTRO,8ee75402-c3f8-4a75-bc50-2d9ee45c2c86
Esc-3_averia_mayor,c0,5,QUEVEDO_CENTRO,5ea77816-49b0-4f02-a07f-8465cef2277a
Esc-3_averia_mayor,c0,5,QUEVEDO_CENTRO,a008402a-7e51-4b2c-afb7-bd4cad40c094
Esc-3_averia_mayor,c0,5,QUEVEDO_CENTRO,96bb4b70-50cb-4f76-b33b-1f5c1c3aa4d8
Esc-3_averia_mayor,c0,5,QUEVEDO_CENTRO,fc730a92-fe98-46ad-b61f-6e512a2ebba6
Esc-3_averia_mayor,c0,5,QUEVEDO_CENTRO,6cac0e31-129c-42ee-9c7d-d88eda985100
Esc-3_averia_mayor,c0,5,QUEVEDO_CENTRO,e9f0d9b0-e07d-4784-8947-e38e7acc31ab
Esc-3_averia_mayor,c0,5,QUEVEDO_CENTRO,22957f05-abbc-463f-8bab-bb5d00453d1d
Esc-3_averia_mayor,c0,5,QUEVEDO_CENTRO,cdaad9fb-e034-413d-8450-f7dceae8e5d7
Esc-3_averia_mayor,c0,5,QUEVEDO_CENTRO,a0569534-7814-40cf-b518-42a2ae84a0bf
Esc-3_averia_mayor,c0,5,QUEVEDO_CENTRO,76a8ebd2-6527-484b-bf2d-6fb653961099
Esc-3_averia_mayor,c0,5,QUEVEDO_CENTRO,e5d145cc-21b1-4823-9f7e-4f73b8e6d651
Esc-4_dos_averias_simultaneas,c0,1,QUEVEDO_CENTRO,4894179e-8462-4180-9f51-3b70cd0f27d1
Esc-4_dos_averias_simultaneas,c0,1,QUEVEDO_NORTE,5e72276d-f8bd-4936-a811-e0d8964862f1
Esc-4_dos_averias_simultaneas,c0,1,QUEVEDO_NORTE,2bce51b0-2cc2-4472-b429-487e2c912d48
Esc-4_dos_averias_simultaneas,c0,1,QUEVEDO_CENTRO,5e0b1ead-b315-4487-90ba-784b9a5a267b
Esc-4_dos_averias_simultaneas,c0,1,QUEVEDO_CENTRO,508931b9-17e9-4147-92e7-ceb4ac9d007d
Esc-4_dos_averias_simultaneas,c0,1,QUEVEDO_NORTE,e7e4fa10-93c3-41fa-b8c6-be521a7622ee
Esc-4_dos_averias_simultaneas,c0,1,QUEVEDO_CENTRO,30b36b14-7346-4e34-be12-6f0dc70f35ff
Esc-4_dos_averias_simultaneas,c0,1,QUEVEDO_NORTE,db54aeb2-932f-4687-8218-27a9a2d3c6e0
Esc-4_dos_averias_simultaneas,c0,1,QUEVEDO_NORTE,4e8aed02-288f-41da-9af2-5b0ec2602314
Esc-4_dos_averias_simultaneas,c0,1,QUEVEDO_NORTE,4c9e353d-d005-483e-9d29-fd1c3ff4a294
Esc-4_dos_averias_simultaneas,c0,1,QUEVEDO_CENTRO,4b4855d1-4fcd-429d-9c94-3825bb2b8660
Esc-4_dos_averias_simultaneas,c0,1,QUEVEDO_NORTE,1eee08ec-7a63-4b9e-9c92-843bba73914b
Esc-4_dos_averias_simultaneas,c0,1,QUEVEDO_NORTE,301eabca-177e-4a16-9d7e-63b8ee85fdcf
Esc-4_dos_averias_simultaneas,c0,1,QUEVEDO_NORTE,576d767c-1998-4ab5-996b-a0ac6887dff4
Esc-4_dos_averias_simultaneas,c0,1,QUEVEDO_CENTRO,a0eac402-c790-441a-b041-6051e88bc119
Esc-4_dos_averias_simultaneas,c0,1,QUEVEDO_CENTRO,e511abc3-cac6-429f-8066-85742df23209
Esc-4_dos_averias_simultaneas,c0,1,QUEVEDO_CENTRO,8d0f0a47-d191-4308-a40b-08ace2c5333a
Esc-4_dos_averias_simultaneas,c0,1,QUEVEDO_NORTE,1be88adf-f480-4aee-b8dd-c49932e14a3c
Esc-4_dos_averias_simultaneas,c0,1,QUEVEDO_NORTE,d21c960b-4b48-4eae-99ab-3e2263116326
Esc-4_dos_averias_simultaneas,c0,1,QUEVEDO_CENTRO,3103c41d-6181-47ed-b68c-574e7ea861c7
Esc-4_dos_averias_simultaneas,c0,1,QUEVEDO_CENTRO,c305c1d8-b382-4ec0-be70-134833a97ddf
Esc-4_dos_averias_simultaneas,c0,1,QUEVEDO_NORTE,ecc670b9-5da1-4922-80ff-80c989177544
Esc-4_dos_averias_simultaneas,c0,1,QUEVEDO_NORTE,0640ebd6-d1fe-4c31-af24-fc056ce1232f
Esc-4_dos_averias_simultaneas,c0,1,QUEVEDO_CENTRO,fd96bc74-de44-422a-94b4-ace2f8ba7dfd
Esc-4_dos_averias_simultaneas,c0,1,QUEVEDO_CENTRO,50c8382b-77a9-4d9a-9a42-3c85e7409ea7
Esc-4_dos_averias_simultaneas,c0,1,QUEVEDO_CENTRO,09267313-70d7-42c2-a10e-f223c24efe71
Esc-4_dos_averias_simultaneas,c0,1,QUEVEDO_CENTRO,1477b06e-1a41-4915-b20a-d01267fb9a48
Esc-4_dos_averias_simultaneas,c0,1,QUEVEDO_NORTE,faf156de-78f2-4a36-b57b-8a87cc56e902
Esc-4_dos_averias_simultaneas,c0,1,QUEVEDO_CENTRO,bf55a0d2-a875-43ef-811a-004245b5231e
Esc-4_dos_averias_simultaneas,c0,1,QUEVEDO_NORTE,92c02b85-44e0-4719-ae62-d5eaf5b8fd3a
Esc-4_dos_averias_simultaneas,c0,1,QUEVEDO_NORTE,82d39ba8-4393-481f-bc4e-70b128bc1cf8
Esc-4_dos_averias_simultaneas,c0,1,QUEVEDO_NORTE,75baa514-49f1-422e-8002-8cafd2c01160
Esc-4_dos_averias_simultaneas,c0,1,QUEVEDO_NORTE,deb87b02-2d5d-4551-a549-54f38caa5ba4
Esc-4_dos_averias_simultaneas,c0,1,QUEVEDO_CENTRO,d327ee54-dac6-4b9f-93df-eb72ded46e18
Esc-4_dos_averias_simultaneas,c0,1,QUEVEDO_CENTRO,2caf0593-d361-4f35-8b0d-8eb70681949f
Esc-4_dos_averias_simultaneas,c0,1,QUEVEDO_CENTRO,f5922783-dcea-4b70-a621-61e182c62f47
Esc-4_dos_averias_simultaneas,c0,1,QUEVEDO_NORTE,3aa0dbea-07fd-4ff4-bb64-65c080266270
Esc-4_dos_averias_simultaneas,c0,1,QUEVEDO_CENTRO,59f5a821-98fb-4419-aa79-c5b42c068056
Esc-4_dos_averias_simultaneas,c0,1,QUEVEDO_CENTRO,b69e6593-f88c-48f8-b500-9f460bbf7ff4
Esc-4_dos_averias_simultaneas,c0,1,QUEVEDO_NORTE,e86df8aa-ee8c-4867-bbfb-c6fdfb68dc71
Esc-4_dos_averias_simultaneas,c0,2,QUEVEDO_NORTE,1bdb4fee-3515-4eee-a32f-7ce640873ffd
Esc-4_dos_averias_simultaneas,c0,2,QUEVEDO_CENTRO,7bd4669c-849f-412f-9818-ee3462f4cc6f
Esc-4_dos_averias_simultaneas,c0,2,QUEVEDO_CENTRO,d1a8e754-c45c-4e57-ab7e-a356c6560947
Esc-4_dos_averias_simultaneas,c0,2,QUEVEDO_NORTE,3c56cc19-fbc4-48d0-8e64-48eeedaef323
Esc-4_dos_averias_simultaneas,c0,2,QUEVEDO_CENTRO,e39decff-c0b3-4886-8652-55535d4b63d9
Esc-4_dos_averias_simultaneas,c0,2,QUEVEDO_CENTRO,c4438e63-67f1-492b-b2ec-c734d5dfba28
Esc-4_dos_averias_simultaneas,c0,2,QUEVEDO_CENTRO,51cc13f2-e2f4-4d55-b7ab-48430ccab391
Esc-4_dos_averias_simultaneas,c0,2,QUEVEDO_CENTRO,e5c92c60-271f-4978-98e0-3dadfab398a4
Esc-4_dos_averias_simultaneas,c0,2,QUEVEDO_NORTE,22e1aa8c-47fa-4b6e-841b-9e1fe9927978
Esc-4_dos_averias_simultaneas,c0,2,QUEVEDO_NORTE,6125593c-b5a2-4541-b489-9a5ef6d10838
Esc-4_dos_averias_simultaneas,c0,2,QUEVEDO_CENTRO,ba193bcd-32aa-430d-8348-3ab0977c7ad9
Esc-4_dos_averias_simultaneas,c0,2,QUEVEDO_CENTRO,16c317be-225c-48c1-ba3f-2997831990a9
Esc-4_dos_averias_simultaneas,c0,2,QUEVEDO_NORTE,bef55749-7cdf-4031-a7d6-7515318b88ab
Esc-4_dos_averias_simultaneas,c0,2,QUEVEDO_CENTRO,f3047c01-246b-4363-846b-e95129cd8237
Esc-4_dos_averias_simultaneas,c0,2,QUEVEDO_CENTRO,91e70221-61e8-411f-8ddd-7dfc33b8b085
Esc-4_dos_averias_simultaneas,c0,2,QUEVEDO_NORTE,8f49b4c9-0b32-48aa-9114-a2d66d04a630
Esc-4_dos_averias_simultaneas,c0,2,QUEVEDO_NORTE,999c6e6c-708d-46ba-aa21-9c50d3b0faae
Esc-4_dos_averias_simultaneas,c0,2,QUEVEDO_CENTRO,31cc52c1-7a72-45b9-854c-62dad2d2ed1e
Esc-4_dos_averias_simultaneas,c0,2,QUEVEDO_NORTE,ee5dfe57-e71c-43eb-8e45-fc995d65ad18
Esc-4_dos_averias_simultaneas,c0,2,QUEVEDO_NORTE,336d1962-c1a5-4212-b552-272eb20cf154
Esc-4_dos_averias_simultaneas,c0,2,QUEVEDO_CENTRO,fd3282c6-66c9-46bb-b00d-69d6b56cfbb0
Esc-4_dos_averias_simultaneas,c0,2,QUEVEDO_NORTE,8052246d-400b-4df8-a31b-cc3e817780cd
Esc-4_dos_averias_simultaneas,c0,2,QUEVEDO_CENTRO,a2f4c147-b711-4450-98d0-10f82440aed5
Esc-4_dos_averias_simultaneas,c0,2,QUEVEDO_CENTRO,26e964cd-e368-4a2e-9667-ce04e75a1072
Esc-4_dos_averias_simultaneas,c0,2,QUEVEDO_NORTE,001b05fe-7355-4a38-a67f-f1bf084d6b63
Esc-4_dos_averias_simultaneas,c0,2,QUEVEDO_NORTE,59245b43-afb8-4fe3-be9d-73f3b26adf47
Esc-4_dos_averias_simultaneas,c0,2,QUEVEDO_NORTE,630b651e-7d9e-4719-ab80-ffa05619fd5e
Esc-4_dos_averias_simultaneas,c0,2,QUEVEDO_CENTRO,84a9a067-8981-4b05-9a15-e443ee5a673b
Esc-4_dos_averias_simultaneas,c0,2,QUEVEDO_CENTRO,fc5d1997-dd58-41e6-9fbf-ac3ca10ad2a3
Esc-4_dos_averias_simultaneas,c0,2,QUEVEDO_NORTE,64a134a8-844b-4e82-bcf1-5b0d7caf95a9
Esc-4_dos_averias_simultaneas,c0,2,QUEVEDO_CENTRO,8848069b-1a4a-4702-a13e-5bdc9e91f3f7
Esc-4_dos_averias_simultaneas,c0,2,QUEVEDO_NORTE,6c3dbe4e-714c-4e6b-b3e0-a584cd4f35e1
Esc-4_dos_averias_simultaneas,c0,2,QUEVEDO_CENTRO,22157928-54ba-42ef-ae74-5c9939a9aa9e
Esc-4_dos_averias_simultaneas,c0,2,QUEVEDO_CENTRO,554a5615-a7f6-4389-89b6-6117a3973731
Esc-4_dos_averias_simultaneas,c0,2,QUEVEDO_NORTE,034195e6-2223-45a2-8f13-efb980f6ad98
Esc-4_dos_averias_simultaneas,c0,2,QUEVEDO_NORTE,b4a94ba3-6e8a-4f74-8a95-92b7ab9780fb
Esc-4_dos_averias_simultaneas,c0,2,QUEVEDO_NORTE,832e6863-04ab-4cfd-af3b-12a003698f0d
Esc-4_dos_averias_simultaneas,c0,2,QUEVEDO_NORTE,dad0678e-50f8-4e9b-a1f0-7c8e697dc9c5
Esc-4_dos_averias_simultaneas,c0,2,QUEVEDO_NORTE,7833bf62-56bc-4caa-b6ae-3d4d4bd282d3
Esc-4_dos_averias_simultaneas,c0,2,QUEVEDO_CENTRO,5270a7cf-acb2-4c10-8500-5d0468f6b78b
Esc-4_dos_averias_simultaneas,c0,3,QUEVEDO_NORTE,fb646162-182c-48a8-8081-a2f78f7a11e5
Esc-4_dos_averias_simultaneas,c0,3,QUEVEDO_NORTE,ddfc27b3-b452-48ab-9c63-76484fc888e6
Esc-4_dos_averias_simultaneas,c0,3,QUEVEDO_NORTE,c562773c-5186-485b-888b-d8269e7609f9
Esc-4_dos_averias_simultaneas,c0,3,QUEVEDO_CENTRO,6ad1d1ee-dec8-4f34-b8b6-2c2b80f745b9
Esc-4_dos_averias_simultaneas,c0,3,QUEVEDO_NORTE,2e47069d-b6f2-49a9-a175-81f5e87a095d
Esc-4_dos_averias_simultaneas,c0,3,QUEVEDO_NORTE,f5658523-db50-4857-89fc-1456ea0c5c85
Esc-4_dos_averias_simultaneas,c0,3,QUEVEDO_NORTE,5e1dd57f-9994-4400-b276-040b621a7459
Esc-4_dos_averias_simultaneas,c0,3,QUEVEDO_NORTE,c0112acc-6e14-4cf4-9be5-05fa355e95bd
Esc-4_dos_averias_simultaneas,c0,3,QUEVEDO_CENTRO,95041845-3292-451a-b5ee-d6a7550e1e2d
Esc-4_dos_averias_simultaneas,c0,3,QUEVEDO_CENTRO,f4b01d62-a38a-4696-854a-fd4cb1955c76
Esc-4_dos_averias_simultaneas,c0,3,QUEVEDO_CENTRO,983a1ac4-decb-4a72-babf-eef30ea4b29e
Esc-4_dos_averias_simultaneas,c0,3,QUEVEDO_NORTE,728b76f9-4deb-4991-a82c-b5712ef43d93
Esc-4_dos_averias_simultaneas,c0,3,QUEVEDO_NORTE,a4b53ba5-75a5-435e-908e-1c0218ec4171
Esc-4_dos_averias_simultaneas,c0,3,QUEVEDO_NORTE,1f15ec89-8c1d-46f5-83a4-666d9b25edb8
Esc-4_dos_averias_simultaneas,c0,3,QUEVEDO_CENTRO,cfbc7488-496a-4887-abe8-91dafd88616c
Esc-4_dos_averias_simultaneas,c0,3,QUEVEDO_CENTRO,60ec707e-2cbc-4308-8d4d-05235489aa1b
Esc-4_dos_averias_simultaneas,c0,3,QUEVEDO_CENTRO,cc7e60db-314e-4e47-98cd-58b4d6f2f8d7
Esc-4_dos_averias_simultaneas,c0,3,QUEVEDO_CENTRO,14390242-ed9a-405c-9622-508ce82d0267
Esc-4_dos_averias_simultaneas,c0,3,QUEVEDO_NORTE,8cc7778d-fe63-40cb-b1fe-b9731f79ac12
Esc-4_dos_averias_simultaneas,c0,3,QUEVEDO_CENTRO,afc9759c-d2fd-4357-b41e-3ddaabb1cc88
Esc-4_dos_averias_simultaneas,c0,3,QUEVEDO_NORTE,d79aaf65-0107-4163-bff4-2e957e27cbb5
Esc-4_dos_averias_simultaneas,c0,3,QUEVEDO_NORTE,6e4abb55-b380-478b-b061-7a8b185ef9d0
Esc-4_dos_averias_simultaneas,c0,3,QUEVEDO_NORTE,431353d9-7b31-4d7e-a157-29c582203a3d
Esc-4_dos_averias_simultaneas,c0,3,QUEVEDO_CENTRO,336c71cd-f6dc-4dc9-8be8-759d7a3455d6
Esc-4_dos_averias_simultaneas,c0,3,QUEVEDO_CENTRO,d9c86339-a4ab-4521-9a24-d6920cbd493c
Esc-4_dos_averias_simultaneas,c0,3,QUEVEDO_NORTE,443c6d4b-3f6f-46d8-a361-c02a05828872
Esc-4_dos_averias_simultaneas,c0,3,QUEVEDO_NORTE,080071e9-cf88-4dfa-8a00-b923c261dc8f
Esc-4_dos_averias_simultaneas,c0,3,QUEVEDO_CENTRO,7744586a-8559-4a12-991b-fbcaf9dd8310
Esc-4_dos_averias_simultaneas,c0,3,QUEVEDO_CENTRO,abfa20ac-6dc4-457b-bbd2-179fd8723080
Esc-4_dos_averias_simultaneas,c0,3,QUEVEDO_CENTRO,f61037d3-5f0d-4e87-9380-e7fe18fcb3d8
Esc-4_dos_averias_simultaneas,c0,3,QUEVEDO_NORTE,00296be8-a553-46db-8d6e-1ea9c5b59c1b
Esc-4_dos_averias_simultaneas,c0,3,QUEVEDO_NORTE,82d8115d-e531-4ba1-a13a-9b55207110a9
Esc-4_dos_averias_simultaneas,c0,3,QUEVEDO_CENTRO,23965dc3-c117-489d-9b93-36044a380e2f
Esc-4_dos_averias_simultaneas,c0,3,QUEVEDO_NORTE,3c933c85-ccb6-4379-bcb0-be16298408f9
Esc-4_dos_averias_simultaneas,c0,3,QUEVEDO_CENTRO,15a923a9-3a3c-4f7d-b184-2497bc9d7e94
Esc-4_dos_averias_simultaneas,c0,3,QUEVEDO_CENTRO,50ddd04b-2002-4fbf-b708-931635348be7
Esc-4_dos_averias_simultaneas,c0,3,QUEVEDO_CENTRO,d646b478-a6c6-4c74-9574-69a2da6225d8
Esc-4_dos_averias_simultaneas,c0,3,QUEVEDO_NORTE,e0651ccf-ef7f-4138-b4c5-e2d6d42d025b
Esc-4_dos_averias_simultaneas,c0,3,QUEVEDO_CENTRO,3e2d4e6a-2fbd-4a67-8b12-7d32262222ee
Esc-4_dos_averias_simultaneas,c0,3,QUEVEDO_CENTRO,2d3f406b-c3cd-4e9f-aa85-ec198f302f20
Esc-4_dos_averias_simultaneas,c0,4,QUEVEDO_NORTE,1942c2c4-ff81-4df6-bed5-5a10c5481896
Esc-4_dos_averias_simultaneas,c0,4,QUEVEDO_NORTE,22ead1a1-9725-44b0-805f-1dcf2028bf11
Esc-4_dos_averias_simultaneas,c0,4,QUEVEDO_CENTRO,f10713db-0c9e-46cc-8e65-7c15641d4856
Esc-4_dos_averias_simultaneas,c0,4,QUEVEDO_CENTRO,fc24b852-6662-4f7c-887c-98d4caa196f8
Esc-4_dos_averias_simultaneas,c0,4,QUEVEDO_CENTRO,c2452a21-599f-439c-bfdc-2b258b0d1b16
Esc-4_dos_averias_simultaneas,c0,4,QUEVEDO_CENTRO,b9cba577-ec83-40ac-8cd2-a9450b09a1d9
Esc-4_dos_averias_simultaneas,c0,4,QUEVEDO_CENTRO,a0b350bb-cf34-457d-b392-0d299dc5f9aa
Esc-4_dos_averias_simultaneas,c0,4,QUEVEDO_NORTE,c82635ae-9ec6-4ead-b59f-11c6b387e4c3
Esc-4_dos_averias_simultaneas,c0,4,QUEVEDO_CENTRO,7647c323-5ffd-4ae6-9d60-d054f54ee233
Esc-4_dos_averias_simultaneas,c0,4,QUEVEDO_NORTE,706f8e5c-bb07-48ca-b432-6ec2a8cb7438
Esc-4_dos_averias_simultaneas,c0,4,QUEVEDO_NORTE,5844965d-a93e-48fe-9808-c13901c1dae8
Esc-4_dos_averias_simultaneas,c0,4,QUEVEDO_CENTRO,c19c2b63-d6f7-4d33-aa3e-e998cc4cb7c9
Esc-4_dos_averias_simultaneas,c0,4,QUEVEDO_CENTRO,49e9f998-ff65-41a5-91a7-b0dc58911c7a
Esc-4_dos_averias_simultaneas,c0,4,QUEVEDO_CENTRO,66f0547c-96cf-4aef-bb11-0d0be051f08b
Esc-4_dos_averias_simultaneas,c0,4,QUEVEDO_CENTRO,ed6477bb-dc3b-4af4-a49a-d2fc8e011867
Esc-4_dos_averias_simultaneas,c0,4,QUEVEDO_CENTRO,e6d0ba7f-b802-4b38-828b-da7df32af4ca
Esc-4_dos_averias_simultaneas,c0,4,QUEVEDO_CENTRO,4a6062a8-b98b-4065-8c38-f1a17b4be899
Esc-4_dos_averias_simultaneas,c0,4,QUEVEDO_NORTE,9fa29ea9-3734-4048-9353-e8782d876b18
Esc-4_dos_averias_simultaneas,c0,4,QUEVEDO_CENTRO,3f418170-e4cb-4c6b-a6f3-2601b5ab1dd5
Esc-4_dos_averias_simultaneas,c0,4,QUEVEDO_NORTE,8c1e5125-c861-451f-93fa-54faf3cf88d9
Esc-4_dos_averias_simultaneas,c0,4,QUEVEDO_NORTE,d25d4436-ee5a-4266-a857-e0e717c274f0
Esc-4_dos_averias_simultaneas,c0,4,QUEVEDO_NORTE,75e5f8cc-0a38-486e-9ba3-f8b01b6b14d1
Esc-4_dos_averias_simultaneas,c0,4,QUEVEDO_NORTE,b9e793b7-554e-4c85-a4d5-490d4e951f9c
Esc-4_dos_averias_simultaneas,c0,4,QUEVEDO_NORTE,7d8c0de7-d018-46b8-ade2-83cedb8eb713
Esc-4_dos_averias_simultaneas,c0,4,QUEVEDO_NORTE,b36055bf-2d8f-4ea0-a439-812eefa55684
Esc-4_dos_averias_simultaneas,c0,4,QUEVEDO_NORTE,c69c8ad3-4fbb-40ba-a3d1-bedd7c629229
Esc-4_dos_averias_simultaneas,c0,4,QUEVEDO_NORTE,5696f0da-5fc8-41b2-83b1-493b724f3218
Esc-4_dos_averias_simultaneas,c0,4,QUEVEDO_CENTRO,96dd363d-ac7f-4158-a562-cc6389770fa5
Esc-4_dos_averias_simultaneas,c0,4,QUEVEDO_NORTE,7ff5b0e2-1372-4678-aeab-8fb7b44a6cdd
Esc-4_dos_averias_simultaneas,c0,4,QUEVEDO_CENTRO,eba146ce-5dd9-40ff-a9c7-b370567dc717
Esc-4_dos_averias_simultaneas,c0,4,QUEVEDO_CENTRO,fa39e018-bcca-465d-bf15-d21ccc9b63cd
Esc-4_dos_averias_simultaneas,c0,4,QUEVEDO_CENTRO,030c5996-16e9-4ff0-b6ac-4dc8236ac22a
Esc-4_dos_averias_simultaneas,c0,4,QUEVEDO_CENTRO,0823c0a8-e89e-4d28-a834-dfe589463fd2
Esc-4_dos_averias_simultaneas,c0,4,QUEVEDO_CENTRO,39c2ee91-8bf5-4fb7-b5e7-fe18969150e3
Esc-4_dos_averias_simultaneas,c0,4,QUEVEDO_NORTE,99a6a975-5d39-4000-a326-75d4a3d24f7b
Esc-4_dos_averias_simultaneas,c0,4,QUEVEDO_NORTE,28b292b0-fa63-4943-9d37-9ff65aa99bcf
Esc-4_dos_averias_simultaneas,c0,4,QUEVEDO_NORTE,765af6d0-9a6a-4766-bff9-9ed5883d3843
Esc-4_dos_averias_simultaneas,c0,4,QUEVEDO_NORTE,38cab346-3420-4284-b4c6-2cedf0c4698f
Esc-4_dos_averias_simultaneas,c0,4,QUEVEDO_CENTRO,bd445594-6843-4d58-9ad3-ec5ef1f96f3c
Esc-4_dos_averias_simultaneas,c0,4,QUEVEDO_NORTE,8f5b38cd-26ca-404a-b5dc-029e39b4a7d4
Esc-4_dos_averias_simultaneas,c0,5,QUEVEDO_NORTE,e203162e-efd4-4eaf-9a57-2e37e36d8441
Esc-4_dos_averias_simultaneas,c0,5,QUEVEDO_NORTE,b3ca8c3e-d3ae-413f-8893-630193c0d0b1
Esc-4_dos_averias_simultaneas,c0,5,QUEVEDO_CENTRO,ad8cda75-3d79-4e20-a6ac-2bfdd4a25074
Esc-4_dos_averias_simultaneas,c0,5,QUEVEDO_NORTE,a26df963-e95d-4b89-ae69-4d3772f2ecee
Esc-4_dos_averias_simultaneas,c0,5,QUEVEDO_CENTRO,fca9cdd6-3ac4-46cd-9296-f62a77acf916
Esc-4_dos_averias_simultaneas,c0,5,QUEVEDO_NORTE,5729a8bc-6d4b-4e06-b180-9696cdd88397
Esc-4_dos_averias_simultaneas,c0,5,QUEVEDO_NORTE,90d7e968-bfa0-4e1a-bb85-6e62b1ca9eca
Esc-4_dos_averias_simultaneas,c0,5,QUEVEDO_NORTE,9fa69337-dc6d-4e45-bff5-540a1b3f1fbc
Esc-4_dos_averias_simultaneas,c0,5,QUEVEDO_NORTE,43dd8637-a07a-4d66-bfcc-7d539f5b9b65
Esc-4_dos_averias_simultaneas,c0,5,QUEVEDO_CENTRO,6dec2edd-7050-47b4-acba-5a59a88ba087
Esc-4_dos_averias_simultaneas,c0,5,QUEVEDO_NORTE,5591c66c-6760-451f-ac21-99f8cdb3ed4e
Esc-4_dos_averias_simultaneas,c0,5,QUEVEDO_NORTE,d36f22a6-b36a-4728-a836-cd9e23b90fa7
Esc-4_dos_averias_simultaneas,c0,5,QUEVEDO_NORTE,9dde3ee0-4ada-49f2-ae22-ca5ab6608dd7
Esc-4_dos_averias_simultaneas,c0,5,QUEVEDO_NORTE,92c1014c-bd82-4b67-93fe-48908955ad22
Esc-4_dos_averias_simultaneas,c0,5,QUEVEDO_CENTRO,72cfea28-7de1-441e-a8f9-c12554e5b8a0
Esc-4_dos_averias_simultaneas,c0,5,QUEVEDO_NORTE,ed4c0b87-2c06-4a96-932c-848987710a98
Esc-4_dos_averias_simultaneas,c0,5,QUEVEDO_CENTRO,5651fd59-b282-4cca-b530-556f3c79331e
Esc-4_dos_averias_simultaneas,c0,5,QUEVEDO_NORTE,a08e1621-00f8-4141-9fab-819e213ecb95
Esc-4_dos_averias_simultaneas,c0,5,QUEVEDO_NORTE,0de40fde-5644-41e1-96b6-507153371f3d
Esc-4_dos_averias_simultaneas,c0,5,QUEVEDO_CENTRO,363caaa6-25a9-453e-900e-dc007519ecae
Esc-4_dos_averias_simultaneas,c0,5,QUEVEDO_CENTRO,55b6e9fb-da6d-4cc5-9d50-347be512bc68
Esc-4_dos_averias_simultaneas,c0,5,QUEVEDO_NORTE,9df42ec1-e09a-412a-a56c-bb131c9be704
Esc-4_dos_averias_simultaneas,c0,5,QUEVEDO_NORTE,7b257608-3c45-415b-ae5c-1e1cd9b8884e
Esc-4_dos_averias_simultaneas,c0,5,QUEVEDO_CENTRO,f6b558c5-03db-4291-bc2c-23adeabfa96e
Esc-4_dos_averias_simultaneas,c0,5,QUEVEDO_CENTRO,a606a00f-0a5c-4fc3-95ff-d3cbd0a0af6b
Esc-4_dos_averias_simultaneas,c0,5,QUEVEDO_CENTRO,db716376-361c-47ae-b6ca-c2b1bdd9b57c
Esc-4_dos_averias_simultaneas,c0,5,QUEVEDO_CENTRO,4b07636b-f19c-456d-ac4f-c242ba26c46b
Esc-4_dos_averias_simultaneas,c0,5,QUEVEDO_NORTE,a12e3a59-7560-4e8f-bcb1-40c4e4d0690f
Esc-4_dos_averias_simultaneas,c0,5,QUEVEDO_CENTRO,98fe4df4-0db9-428e-9ff6-ee2306d53e3a
Esc-4_dos_averias_simultaneas,c0,5,QUEVEDO_CENTRO,a1dc3791-19dc-4813-be0c-30771ffbc1b3
Esc-4_dos_averias_simultaneas,c0,5,QUEVEDO_CENTRO,5220e0eb-ae31-4e62-a65e-75565af90883
Esc-4_dos_averias_simultaneas,c0,5,QUEVEDO_NORTE,7d5584cc-b391-4d83-936b-d9edc5bfbb4d
Esc-4_dos_averias_simultaneas,c0,5,QUEVEDO_CENTRO,ac297146-968a-4d3d-8607-cc0738dca65b
Esc-4_dos_averias_simultaneas,c0,5,QUEVEDO_CENTRO,84becd81-5719-42e3-b580-17185d2a74d6
Esc-4_dos_averias_simultaneas,c0,5,QUEVEDO_NORTE,4b8d71ab-2fee-4388-bed7-ead7e8643c91
Esc-4_dos_averias_simultaneas,c0,5,QUEVEDO_CENTRO,2722a217-9881-4b82-bcb7-2aff04b1980f
Esc-4_dos_averias_simultaneas,c0,5,QUEVEDO_CENTRO,7bc08676-a35d-4dab-aa3d-f0bfaa01cb40
Esc-4_dos_averias_simultaneas,c0,5,QUEVEDO_CENTRO,cb8115aa-747e-442f-acd4-8fbae31e7835
Esc-4_dos_averias_simultaneas,c0,5,QUEVEDO_NORTE,01299895-92f0-43b8-aee1-bf6899ea6ba6
Esc-4_dos_averias_simultaneas,c0,5,QUEVEDO_CENTRO,3ffc5fd6-be60-4a1e-b0b3-331b382210d2
Esc-2_averia_masiva,c1,1,QUEVEDO_CENTRO,35bd0c35-8b78-4b65-8fe5-0548430c0973
Esc-2_averia_masiva,c1,1,QUEVEDO_CENTRO,f2c51b3b-4eb8-432b-9638-43e706852368
Esc-2_averia_masiva,c1,1,QUEVEDO_CENTRO,2ae98ff4-e20f-4e78-9ce4-3bcc654601d9
Esc-2_averia_masiva,c1,1,QUEVEDO_CENTRO,d94317ff-c433-4f1f-8481-8f16d9438824
Esc-2_averia_masiva,c1,1,QUEVEDO_CENTRO,8cdbb74d-93e5-4fdc-bd19-c6843038d5c2
Esc-2_averia_masiva,c1,1,QUEVEDO_CENTRO,e89d892a-3a5d-4846-8cf7-f43a3d4a7a1d
Esc-2_averia_masiva,c1,1,QUEVEDO_CENTRO,da2d0d6a-1578-40b3-b5cf-8ee64c9c6485
Esc-2_averia_masiva,c1,1,QUEVEDO_CENTRO,264ae48b-782f-4b19-84f1-461df84b1163
Esc-2_averia_masiva,c1,1,QUEVEDO_CENTRO,c2d8d2a3-6128-40af-a328-020f62cd8e54
Esc-2_averia_masiva,c1,1,QUEVEDO_CENTRO,488b2d2e-68b0-4f22-9342-3831c3e0854d
Esc-2_averia_masiva,c1,1,QUEVEDO_CENTRO,d64ca61b-d9f1-4bca-8a2f-b258437c8941
Esc-2_averia_masiva,c1,1,QUEVEDO_CENTRO,2dfe7958-140a-4350-b828-566582400567
Esc-2_averia_masiva,c1,1,QUEVEDO_CENTRO,23b0f7e5-ee8a-4bd8-9c69-3e68a2a6dbb8
Esc-2_averia_masiva,c1,1,QUEVEDO_CENTRO,7c173942-15e5-4b0a-882f-ef32aa449223
Esc-2_averia_masiva,c1,1,QUEVEDO_CENTRO,0c8f094b-b63a-45e0-b4f4-eec05aadf1ba
Esc-2_averia_masiva,c1,1,QUEVEDO_CENTRO,97a878ad-c248-499d-b3d2-a0c3fe4b65e0
Esc-2_averia_masiva,c1,1,QUEVEDO_CENTRO,187005b5-b9db-496f-a156-22656cb5174b
Esc-2_averia_masiva,c1,1,QUEVEDO_CENTRO,70b5412a-237b-4ada-b4b4-18f5918f5088
Esc-2_averia_masiva,c1,1,QUEVEDO_CENTRO,792a43e4-bd21-4ba2-8d1a-cacb14595679
Esc-2_averia_masiva,c1,1,QUEVEDO_CENTRO,5f02c812-b3a0-4898-9176-5ef1ccec83c7
Esc-2_averia_masiva,c1,2,QUEVEDO_CENTRO,86d89160-3cbe-47a7-9805-f5d3a9af904b
Esc-2_averia_masiva,c1,2,QUEVEDO_CENTRO,7fe7b501-430a-4203-8a0b-2f6ac94aa1a2
Esc-2_averia_masiva,c1,2,QUEVEDO_CENTRO,a4463385-98be-4b8d-ae2d-b6eec9ba0fa1
Esc-2_averia_masiva,c1,2,QUEVEDO_CENTRO,3b3997b1-e1e9-427b-ac00-8b5c2af082c6
Esc-2_averia_masiva,c1,2,QUEVEDO_CENTRO,2f060dc8-debc-447e-8d6c-4bc2053eed0f
Esc-2_averia_masiva,c1,2,QUEVEDO_CENTRO,7b994ddc-3aa1-46ad-9baa-e08d16084894
Esc-2_averia_masiva,c1,2,QUEVEDO_CENTRO,e6198597-c475-42d6-90ae-c24f1d91c855
Esc-2_averia_masiva,c1,2,QUEVEDO_CENTRO,51d01e36-c569-46c6-9f41-4b049c742c2d
Esc-2_averia_masiva,c1,2,QUEVEDO_CENTRO,0a6c6566-43b8-4520-bada-340f168f09e9
Esc-2_averia_masiva,c1,2,QUEVEDO_CENTRO,75cf9255-a55c-4a87-957b-9b2884417ea1
Esc-2_averia_masiva,c1,2,QUEVEDO_CENTRO,3303e39a-5e97-4731-8ad1-6ff48e55de27
Esc-2_averia_masiva,c1,2,QUEVEDO_CENTRO,d25705b3-095e-4cc5-abb7-3cdf774d3d41
Esc-2_averia_masiva,c1,2,QUEVEDO_CENTRO,156f2cca-2979-4917-a84f-aad32b8cc52e
Esc-2_averia_masiva,c1,2,QUEVEDO_CENTRO,368ad590-a1fa-4b67-a574-bb0c8b5b4c64
Esc-2_averia_masiva,c1,2,QUEVEDO_CENTRO,612cbb6a-df15-4af7-a89a-0db22553220d
Esc-2_averia_masiva,c1,2,QUEVEDO_CENTRO,7444200f-9be5-43db-9af1-ca521e761189
Esc-2_averia_masiva,c1,2,QUEVEDO_CENTRO,72ac622b-0fa0-4b07-aa21-a168e68cac16
Esc-2_averia_masiva,c1,2,QUEVEDO_CENTRO,091ba7b4-2400-47cf-a1f0-b7fb446b1613
Esc-2_averia_masiva,c1,2,QUEVEDO_CENTRO,7df9b463-c4f3-4f10-96f0-473b1f4f8fe7
Esc-2_averia_masiva,c1,2,QUEVEDO_CENTRO,f45e7451-105c-41fc-9453-332a4e03f080
Esc-2_averia_masiva,c1,3,QUEVEDO_CENTRO,5fbfacda-473e-48fe-a59e-44d84530c93a
Esc-2_averia_masiva,c1,3,QUEVEDO_CENTRO,9c8d0cbe-e59d-4c1b-9f2d-6ea996babf16
Esc-2_averia_masiva,c1,3,QUEVEDO_CENTRO,6dc32f22-c40f-47cd-befd-6576fe328aa6
Esc-2_averia_masiva,c1,3,QUEVEDO_CENTRO,ed040b23-7915-49d2-81d5-39cddd064e36
Esc-2_averia_masiva,c1,3,QUEVEDO_CENTRO,06f35c44-9ac7-403a-8185-b7bc702113b9
Esc-2_averia_masiva,c1,3,QUEVEDO_CENTRO,fa31f4a9-0d7c-4ccc-a74f-827f5a9b9383
Esc-2_averia_masiva,c1,3,QUEVEDO_CENTRO,3bb16b0b-2c8e-44ba-aed2-56ddcf341aef
Esc-2_averia_masiva,c1,3,QUEVEDO_CENTRO,57ae707e-6b88-4d9c-aecb-01d2c929982d
Esc-2_averia_masiva,c1,3,QUEVEDO_CENTRO,b7bc0ecb-2c82-4baa-a7ba-4764f4e54335
Esc-2_averia_masiva,c1,3,QUEVEDO_CENTRO,00408da7-3c32-4951-ac56-bc5da5675562
Esc-2_averia_masiva,c1,3,QUEVEDO_CENTRO,47ab8597-6ca2-4bfa-8607-9fc60b5faed3
Esc-2_averia_masiva,c1,3,QUEVEDO_CENTRO,b2470da0-37ab-4e2e-aab6-1501d953420b
Esc-2_averia_masiva,c1,3,QUEVEDO_CENTRO,e8ec5a0f-8bad-42ae-ac05-05ffc47c3816
Esc-2_averia_masiva,c1,3,QUEVEDO_CENTRO,0e016122-a6e9-4663-a3dc-44f9a1d47e70
Esc-2_averia_masiva,c1,3,QUEVEDO_CENTRO,4189ee28-cf45-46b6-bdc9-d4828c1bac9c
Esc-2_averia_masiva,c1,3,QUEVEDO_CENTRO,0a5fbd52-e3eb-41b9-9407-ea61260fd909
Esc-2_averia_masiva,c1,3,QUEVEDO_CENTRO,717bb776-2ba1-4721-b27e-224db6b83d1c
Esc-2_averia_masiva,c1,3,QUEVEDO_CENTRO,18ddecd0-1b69-4ae6-93aa-276160aedd4d
Esc-2_averia_masiva,c1,3,QUEVEDO_CENTRO,ce343052-677f-4f05-95ba-d0e5897a67fd
Esc-2_averia_masiva,c1,3,QUEVEDO_CENTRO,042fc466-60ec-498e-81ba-9c70e5ec424c
Esc-2_averia_masiva,c1,4,QUEVEDO_CENTRO,8ff48bca-66d0-4a5f-9332-601a297d91b3
Esc-2_averia_masiva,c1,4,QUEVEDO_CENTRO,2948bc98-2f8c-43aa-98d6-709bc7eb61a7
Esc-2_averia_masiva,c1,4,QUEVEDO_CENTRO,7fd5242c-8081-4a80-bf07-524942b03863
Esc-2_averia_masiva,c1,4,QUEVEDO_CENTRO,3da7e90f-6cac-42a7-9d01-cd064f2c68a3
Esc-2_averia_masiva,c1,4,QUEVEDO_CENTRO,edb55632-5dd4-46b5-b8e8-d8b56f6bdd02
Esc-2_averia_masiva,c1,4,QUEVEDO_CENTRO,fad51ab0-5f0d-4561-9cc1-eceb5898d60f
Esc-2_averia_masiva,c1,4,QUEVEDO_CENTRO,fd51dae9-a122-4ebd-aa91-1bb777b06f37
Esc-2_averia_masiva,c1,4,QUEVEDO_CENTRO,d1032b51-92d4-48be-ad93-f4df9a3713fb
Esc-2_averia_masiva,c1,4,QUEVEDO_CENTRO,09b2a42d-3a95-47e5-a7f7-a98e507e2e54
Esc-2_averia_masiva,c1,4,QUEVEDO_CENTRO,54212469-101e-4042-9ca1-607398b96b62
Esc-2_averia_masiva,c1,4,QUEVEDO_CENTRO,5b18f2db-75a6-4380-9576-b8e11b6f6e11
Esc-2_averia_masiva,c1,4,QUEVEDO_CENTRO,1caa0f8d-506e-41ee-ac01-2a18c83409f0
Esc-2_averia_masiva,c1,4,QUEVEDO_CENTRO,eeaeb065-39c3-4c0c-a22a-432aa8ef334d
Esc-2_averia_masiva,c1,4,QUEVEDO_CENTRO,4694f42d-404f-4163-8dd6-6f877a593e45
Esc-2_averia_masiva,c1,4,QUEVEDO_CENTRO,2d76afc3-325f-434f-90e6-e5ae213aa25a
Esc-2_averia_masiva,c1,4,QUEVEDO_CENTRO,0d0beaeb-6c9b-44b9-ac12-12f1ca5734fb
Esc-2_averia_masiva,c1,4,QUEVEDO_CENTRO,c634fe04-288e-4c07-b266-e5ba807b49fc
Esc-2_averia_masiva,c1,4,QUEVEDO_CENTRO,4e8f033a-0f9d-45b9-b46e-982fc3c7be1d
Esc-2_averia_masiva,c1,4,QUEVEDO_CENTRO,a78d1c7d-5a8d-4195-be6e-2c189691af2d
Esc-2_averia_masiva,c1,4,QUEVEDO_CENTRO,8b112ae7-a364-4ea9-b4c4-ca0b4e9321d0
Esc-2_averia_masiva,c1,5,QUEVEDO_CENTRO,28ad66e8-5534-41f5-bcfd-317d901fd6b6
Esc-2_averia_masiva,c1,5,QUEVEDO_CENTRO,917bde65-dde9-403e-8ad7-fb2f173180b0
Esc-2_averia_masiva,c1,5,QUEVEDO_CENTRO,fb6c254a-c678-4899-be4b-8a286295f5cc
Esc-2_averia_masiva,c1,5,QUEVEDO_CENTRO,3bcb4abf-31db-4e52-8301-4d16bfe4def7
Esc-2_averia_masiva,c1,5,QUEVEDO_CENTRO,375da2bd-ea01-438e-99ea-9b3cd4b28500
Esc-2_averia_masiva,c1,5,QUEVEDO_CENTRO,729e4d52-839e-4992-adbc-710641ec1336
Esc-2_averia_masiva,c1,5,QUEVEDO_CENTRO,d440445e-3090-430b-952d-1f8897d06630
Esc-2_averia_masiva,c1,5,QUEVEDO_CENTRO,1a8ab337-4569-4147-945c-ecaa32274deb
Esc-2_averia_masiva,c1,5,QUEVEDO_CENTRO,a590d0ad-8ee2-4883-b0b3-464448254959
Esc-2_averia_masiva,c1,5,QUEVEDO_CENTRO,8cf77e81-90e0-4a9f-8769-895020247e97
Esc-2_averia_masiva,c1,5,QUEVEDO_CENTRO,93670bc2-1d1b-4120-9d14-6de7aea114ae
Esc-2_averia_masiva,c1,5,QUEVEDO_CENTRO,3bd34d8f-da7d-4e7a-aa72-a9b8f15cb9fb
Esc-2_averia_masiva,c1,5,QUEVEDO_CENTRO,e1156d79-784f-43e7-8293-adf51edcd085
Esc-2_averia_masiva,c1,5,QUEVEDO_CENTRO,4f3d0585-3efd-48a9-81d5-261e985342fe
Esc-2_averia_masiva,c1,5,QUEVEDO_CENTRO,f321dfb5-4ffb-4f4d-bbe9-ebcf5e330999
Esc-2_averia_masiva,c1,5,QUEVEDO_CENTRO,a94e25c1-4581-48f6-a586-226c4f5a27c3
Esc-2_averia_masiva,c1,5,QUEVEDO_CENTRO,2294e314-b48e-4973-9ed5-5dfced50047c
Esc-2_averia_masiva,c1,5,QUEVEDO_CENTRO,4818afa7-7cd8-4200-a21e-fd95ed256718
Esc-2_averia_masiva,c1,5,QUEVEDO_CENTRO,de248b1b-adc6-499d-ba31-f9a3640a2ad9
Esc-2_averia_masiva,c1,5,QUEVEDO_CENTRO,e0951431-4cc5-4d36-a0b2-38d3b919f8c9
Esc-3_averia_mayor,c1,1,QUEVEDO_CENTRO,482d8e21-92b1-4b1e-9144-25ddb575ba4d
Esc-3_averia_mayor,c1,1,QUEVEDO_CENTRO,246e4289-1c17-41a6-b938-25d97ef04871
Esc-3_averia_mayor,c1,1,QUEVEDO_CENTRO,b8427480-0ae7-403d-b95a-f9d1c577bc04
Esc-3_averia_mayor,c1,1,QUEVEDO_CENTRO,a28c2a0a-0205-4382-9edb-f9a0bf974c63
Esc-3_averia_mayor,c1,1,QUEVEDO_CENTRO,86fb1d86-c42d-43e3-9dc7-548db74c32df
Esc-3_averia_mayor,c1,1,QUEVEDO_CENTRO,8109d446-8447-47d1-a1d3-918a9984ec11
Esc-3_averia_mayor,c1,1,QUEVEDO_CENTRO,5ea1cfeb-98f7-4f83-8bdd-7753952bf3ce
Esc-3_averia_mayor,c1,1,QUEVEDO_CENTRO,ee9190b0-7459-441d-86af-8ceeaff09096
Esc-3_averia_mayor,c1,1,QUEVEDO_CENTRO,bdee7d99-eee6-4435-aaa2-ae5443a2500d
Esc-3_averia_mayor,c1,1,QUEVEDO_CENTRO,30643785-ae81-45a9-9d3c-7a8a1c512b3c
Esc-3_averia_mayor,c1,1,QUEVEDO_CENTRO,c6e0e63e-3fa7-434f-b384-03171b1988db
Esc-3_averia_mayor,c1,1,QUEVEDO_CENTRO,27dfdda0-2c76-42c2-a7aa-635933ab3f33
Esc-3_averia_mayor,c1,1,QUEVEDO_CENTRO,c4f84d48-0303-47c4-a64c-4c7a344baefa
Esc-3_averia_mayor,c1,1,QUEVEDO_CENTRO,cb2e01eb-a842-4467-b989-460465e995c2
Esc-3_averia_mayor,c1,1,QUEVEDO_CENTRO,a1b725cc-405a-4f3c-88c3-0dd75ddd501b
Esc-3_averia_mayor,c1,1,QUEVEDO_CENTRO,dbdf3666-3575-41b5-8514-762a13ff9490
Esc-3_averia_mayor,c1,1,QUEVEDO_CENTRO,b0142e5b-be1b-4126-9827-70942bb3348a
Esc-3_averia_mayor,c1,1,QUEVEDO_CENTRO,3e0a6a5b-e8da-4c35-b622-f48fc8047e39
Esc-3_averia_mayor,c1,1,QUEVEDO_CENTRO,87f20e9c-0341-40e2-824c-d006406252fc
Esc-3_averia_mayor,c1,1,QUEVEDO_CENTRO,84a2532b-1113-498e-b29b-da098a050287
Esc-3_averia_mayor,c1,1,QUEVEDO_CENTRO,36432253-f43e-4870-b395-1e4be226acde
Esc-3_averia_mayor,c1,1,QUEVEDO_CENTRO,1ecc19aa-3b2c-486f-a234-9504ac1d4732
Esc-3_averia_mayor,c1,1,QUEVEDO_CENTRO,cd5311fb-46c2-4492-aaf7-bec3d3df2866
Esc-3_averia_mayor,c1,1,QUEVEDO_CENTRO,8fa749cb-d163-49f4-8c5b-b139b26bfbb6
Esc-3_averia_mayor,c1,1,QUEVEDO_CENTRO,23f4c245-5ed8-47b5-badd-2287b6f24967
Esc-3_averia_mayor,c1,1,QUEVEDO_CENTRO,6e786159-4dd2-4e57-b820-0eb80cb44221
Esc-3_averia_mayor,c1,1,QUEVEDO_CENTRO,becded2a-7281-426f-8fe0-6a9f2c96d2f9
Esc-3_averia_mayor,c1,1,QUEVEDO_CENTRO,ae8aba48-795f-4595-b1e6-3bcc9e89b236
Esc-3_averia_mayor,c1,1,QUEVEDO_CENTRO,3875aba4-bcfc-40b9-b7cc-13724cb1df3a
Esc-3_averia_mayor,c1,1,QUEVEDO_CENTRO,32760c1a-7010-438b-9244-24bf6ca6bf8b
Esc-3_averia_mayor,c1,1,QUEVEDO_CENTRO,4ac5989a-7395-4dfe-a680-da36f7e9ca33
Esc-3_averia_mayor,c1,1,QUEVEDO_CENTRO,921e9c61-9fcb-44ee-b4d5-6df1b37b5d96
Esc-3_averia_mayor,c1,1,QUEVEDO_CENTRO,b762ec84-9e0b-40b4-b533-baa889302169
Esc-3_averia_mayor,c1,1,QUEVEDO_CENTRO,e1475e4f-3859-484c-a826-9b9139dcd3b7
Esc-3_averia_mayor,c1,1,QUEVEDO_CENTRO,73534357-3c62-463f-a3ea-aee6d3571c5c
Esc-3_averia_mayor,c1,1,QUEVEDO_CENTRO,5e42621c-b656-473e-a9c2-0b95fe39a7b7
Esc-3_averia_mayor,c1,1,QUEVEDO_CENTRO,f9802d54-85ca-4f04-ba8b-d5558a313208
Esc-3_averia_mayor,c1,1,QUEVEDO_CENTRO,289e68ce-88d4-489b-b115-dc7628391084
Esc-3_averia_mayor,c1,1,QUEVEDO_CENTRO,abfef5b9-d9a5-4179-9e5f-d5fedc42d890
Esc-3_averia_mayor,c1,1,QUEVEDO_CENTRO,6073e031-f93a-4dfa-b59b-0cb7189fc515
Esc-3_averia_mayor,c1,1,QUEVEDO_CENTRO,b0bdadfa-7571-4ea1-ae17-3854927330f6
Esc-3_averia_mayor,c1,1,QUEVEDO_CENTRO,97f59b10-185f-4ce2-8501-f12712fec905
Esc-3_averia_mayor,c1,1,QUEVEDO_CENTRO,ad5942c1-5388-4b78-8c36-db85e6849894
Esc-3_averia_mayor,c1,1,QUEVEDO_CENTRO,eca900f8-024e-4e2c-aec0-e70928481ccf
Esc-3_averia_mayor,c1,1,QUEVEDO_CENTRO,d88c1031-c238-4bc7-bd88-111d4d9ebae2
Esc-3_averia_mayor,c1,1,QUEVEDO_CENTRO,910fc681-85b1-4375-80d8-3a3e56fb202b
Esc-3_averia_mayor,c1,1,QUEVEDO_CENTRO,34b5e009-5ad8-47cf-bec0-1e7059a0eb1f
Esc-3_averia_mayor,c1,1,QUEVEDO_CENTRO,732ab6bf-b956-4a6d-8652-f61b6af5f809
Esc-3_averia_mayor,c1,1,QUEVEDO_CENTRO,79f407db-c21d-44da-8410-35d0565b3373
Esc-3_averia_mayor,c1,1,QUEVEDO_CENTRO,1a39b0b0-bdb3-4ec7-abb2-1aaf57f4b93b
Esc-3_averia_mayor,c1,1,QUEVEDO_CENTRO,d624ddb5-a286-4849-943c-29933c270a5f
Esc-3_averia_mayor,c1,1,QUEVEDO_CENTRO,350cf838-28e9-4942-b4ed-f10e248ec705
Esc-3_averia_mayor,c1,1,QUEVEDO_CENTRO,a87cb113-a174-43a3-88f0-cb93002816ef
Esc-3_averia_mayor,c1,1,QUEVEDO_CENTRO,417ac15e-62f0-4d32-8201-544d13c68261
Esc-3_averia_mayor,c1,1,QUEVEDO_CENTRO,4bc75a3f-8c58-4185-a17b-09633a4b88d5
Esc-3_averia_mayor,c1,1,QUEVEDO_CENTRO,1699db66-201e-4e1f-a05f-946b7638496c
Esc-3_averia_mayor,c1,1,QUEVEDO_CENTRO,9ca7299a-e9d0-4914-9f2e-3a06221f8a95
Esc-3_averia_mayor,c1,1,QUEVEDO_CENTRO,e0d9bb8d-4e3a-4eb7-970f-96d3fb7812c4
Esc-3_averia_mayor,c1,1,QUEVEDO_CENTRO,b7e5587d-7c0c-4b94-a2e4-8eda5e2c4b42
Esc-3_averia_mayor,c1,1,QUEVEDO_CENTRO,43628cea-047b-4dd8-bdbb-ac31a70f132f
Esc-3_averia_mayor,c1,2,QUEVEDO_CENTRO,c6a2f26e-cfa4-4288-8d1f-0d6a18aa813a
Esc-3_averia_mayor,c1,2,QUEVEDO_CENTRO,02234f7c-63b4-475b-a222-0755619c3644
Esc-3_averia_mayor,c1,2,QUEVEDO_CENTRO,4cad45fb-d09e-4b08-8993-3487db4e061e
Esc-3_averia_mayor,c1,2,QUEVEDO_CENTRO,07b54c02-e516-46d2-9c9f-60b7f062abc2
Esc-3_averia_mayor,c1,2,QUEVEDO_CENTRO,d0919d3c-4396-4c50-9bfa-883b44d0a98e
Esc-3_averia_mayor,c1,2,QUEVEDO_CENTRO,1f6dca5b-80f7-49fd-81c8-aeb6ad14eefe
Esc-3_averia_mayor,c1,2,QUEVEDO_CENTRO,fd14b55c-722d-4b49-86cc-eb2ea449abf9
Esc-3_averia_mayor,c1,2,QUEVEDO_CENTRO,450bb045-891f-48b5-a480-720b82af41ca
Esc-3_averia_mayor,c1,2,QUEVEDO_CENTRO,be4ecb0c-ec42-4af7-872b-d76d6a032a50
Esc-3_averia_mayor,c1,2,QUEVEDO_CENTRO,a46e350c-fd13-4fff-95b5-66b67b582ce1
Esc-3_averia_mayor,c1,2,QUEVEDO_CENTRO,970cc3dc-1a29-47ec-9fa0-436550a5bfc9
Esc-3_averia_mayor,c1,2,QUEVEDO_CENTRO,7f55f89b-e843-4ab4-b286-d0b3981a1a67
Esc-3_averia_mayor,c1,2,QUEVEDO_CENTRO,9590f3a3-98bc-4021-aff2-ef8fe41f5d3f
Esc-3_averia_mayor,c1,2,QUEVEDO_CENTRO,18b9b2c6-3b62-4469-9a89-8c267e818add
Esc-3_averia_mayor,c1,2,QUEVEDO_CENTRO,9748d46e-8671-4d04-8e8b-2da0a8ed9422
Esc-3_averia_mayor,c1,2,QUEVEDO_CENTRO,bea74231-b275-40ee-928c-faf0eea6205e
Esc-3_averia_mayor,c1,2,QUEVEDO_CENTRO,e0528a26-2f01-4d51-ab8b-abbcc37ff611
Esc-3_averia_mayor,c1,2,QUEVEDO_CENTRO,38ddbc76-7e3c-4730-9fa9-2ce143986d74
Esc-3_averia_mayor,c1,2,QUEVEDO_CENTRO,f91d6e54-8f1c-481a-8b1a-e3d35d8c6494
Esc-3_averia_mayor,c1,2,QUEVEDO_CENTRO,0e3fd43d-ed84-4e42-aeab-d1c46c3d9194
Esc-3_averia_mayor,c1,2,QUEVEDO_CENTRO,d4984db8-dba3-4792-9ee8-e61a2a98dc8c
Esc-3_averia_mayor,c1,2,QUEVEDO_CENTRO,b2405a8b-498e-4a41-870f-82fbfb4b1319
Esc-3_averia_mayor,c1,2,QUEVEDO_CENTRO,94349091-5379-4a37-9d56-1b58d439bcdd
Esc-3_averia_mayor,c1,2,QUEVEDO_CENTRO,15a37d6e-7a1e-4fef-abb5-c5857b4916e8
Esc-3_averia_mayor,c1,2,QUEVEDO_CENTRO,1d2d1ce4-afc1-4c78-9c05-446985b52755
Esc-3_averia_mayor,c1,2,QUEVEDO_CENTRO,226448ae-32be-4924-8c47-dacd15f1f711
Esc-3_averia_mayor,c1,2,QUEVEDO_CENTRO,ef395c4c-5f41-48bf-949f-d39a760056e8
Esc-3_averia_mayor,c1,2,QUEVEDO_CENTRO,474f81f6-fc3c-4bae-8b1d-0384edae1d0e
Esc-3_averia_mayor,c1,2,QUEVEDO_CENTRO,83a9427a-aa5e-480c-8b14-a7e6e24d6216
Esc-3_averia_mayor,c1,2,QUEVEDO_CENTRO,306dfd72-015c-47a1-a9e4-f201a867c0fc
Esc-3_averia_mayor,c1,2,QUEVEDO_CENTRO,e98b56af-c6e4-4143-baad-7456b6b1dd4e
Esc-3_averia_mayor,c1,2,QUEVEDO_CENTRO,387e27b3-ffcf-4c17-8eec-3c7b249e1d6f
Esc-3_averia_mayor,c1,2,QUEVEDO_CENTRO,c5ba7779-4d21-47b7-8849-e321f619cb59
Esc-3_averia_mayor,c1,2,QUEVEDO_CENTRO,f24d1e3e-64b9-47f2-aba3-99b5a9367039
Esc-3_averia_mayor,c1,2,QUEVEDO_CENTRO,177de8bf-4e0d-4010-b2f9-033bc1228ad9
Esc-3_averia_mayor,c1,2,QUEVEDO_CENTRO,9fe12ec0-ddd4-4228-8771-6442aa0e409c
Esc-3_averia_mayor,c1,2,QUEVEDO_CENTRO,487dcbe7-3cf0-492d-a324-3a72e12e9caf
Esc-3_averia_mayor,c1,2,QUEVEDO_CENTRO,c867595d-7035-4763-8e21-0f04dbd6b9c2
Esc-3_averia_mayor,c1,2,QUEVEDO_CENTRO,ece707fc-d7b4-445b-9af8-3a2d96deb12b
Esc-3_averia_mayor,c1,2,QUEVEDO_CENTRO,2631e61a-352a-45fe-a9df-ec3fd0363405
Esc-3_averia_mayor,c1,2,QUEVEDO_CENTRO,84c5be0b-2f22-442d-939f-94720b1c5e77
Esc-3_averia_mayor,c1,2,QUEVEDO_CENTRO,2df91fd8-c074-4999-ae52-59e7da3e2a7e
Esc-3_averia_mayor,c1,2,QUEVEDO_CENTRO,5a84735a-c3a7-41a0-9ff2-499c91037241
Esc-3_averia_mayor,c1,2,QUEVEDO_CENTRO,d641ae2f-c135-4311-922e-9ce1793bb103
Esc-3_averia_mayor,c1,2,QUEVEDO_CENTRO,fc720017-b465-4262-bf75-28b569d3aa82
Esc-3_averia_mayor,c1,2,QUEVEDO_CENTRO,060e3813-4c86-4429-a5bc-3f3bfb84ce63
Esc-3_averia_mayor,c1,2,QUEVEDO_CENTRO,15e396d9-872e-4737-afef-e5588d536024
Esc-3_averia_mayor,c1,2,QUEVEDO_CENTRO,7c55e2c8-031e-44c4-919e-dbfea0aa5bcd
Esc-3_averia_mayor,c1,2,QUEVEDO_CENTRO,5cc86b58-6f61-4c68-8155-b7e9e2ef2146
Esc-3_averia_mayor,c1,2,QUEVEDO_CENTRO,5f586041-94d6-4e92-86fc-b99758ea5334
Esc-3_averia_mayor,c1,2,QUEVEDO_CENTRO,0233b609-6da2-4b7c-86fe-9eac705753b5
Esc-3_averia_mayor,c1,2,QUEVEDO_CENTRO,60218733-e292-4db8-972d-caac1866bc58
Esc-3_averia_mayor,c1,2,QUEVEDO_CENTRO,8c65fc05-ed76-42be-b5f1-31ba04766fd8
Esc-3_averia_mayor,c1,2,QUEVEDO_CENTRO,36872d94-bba0-4d3e-92a0-c4713a9ba2b9
Esc-3_averia_mayor,c1,2,QUEVEDO_CENTRO,9f6e2800-acad-43c2-9508-002c2f6f6c6f
Esc-3_averia_mayor,c1,2,QUEVEDO_CENTRO,8e67c7a2-16a0-4e3e-9864-020466a09988
Esc-3_averia_mayor,c1,2,QUEVEDO_CENTRO,814c19d0-862f-4863-823e-be83df7ab9e0
Esc-3_averia_mayor,c1,2,QUEVEDO_CENTRO,00cb87f4-e362-4ce3-88a2-067982cebe3c
Esc-3_averia_mayor,c1,2,QUEVEDO_CENTRO,b5fc4b64-1eb3-4733-94cc-e4d26c362d26
Esc-3_averia_mayor,c1,2,QUEVEDO_CENTRO,521ceb58-b547-4194-9e87-6f7021beb0ba
Esc-3_averia_mayor,c1,3,QUEVEDO_CENTRO,737501f2-44e7-4d86-b001-cd92351c9490
Esc-3_averia_mayor,c1,3,QUEVEDO_CENTRO,731aff85-27f9-4891-b428-137289887ed0
Esc-3_averia_mayor,c1,3,QUEVEDO_CENTRO,eddc409c-d241-4a43-a693-8f464bd63261
Esc-3_averia_mayor,c1,3,QUEVEDO_CENTRO,663d447c-15fe-47fb-b59f-ae7855780caf
Esc-3_averia_mayor,c1,3,QUEVEDO_CENTRO,52ebf8a9-cc79-4509-a49e-27881af8f8f0
Esc-3_averia_mayor,c1,3,QUEVEDO_CENTRO,d6490284-4be9-48b6-b3dd-52659b726f88
Esc-3_averia_mayor,c1,3,QUEVEDO_CENTRO,98d721c9-5c39-41c5-b31b-8284bcb74761
Esc-3_averia_mayor,c1,3,QUEVEDO_CENTRO,2b65f9b9-bec3-46d8-937e-5f0146f420e6
Esc-3_averia_mayor,c1,3,QUEVEDO_CENTRO,ce80cd8c-933a-4248-ae34-d23678e6508b
Esc-3_averia_mayor,c1,3,QUEVEDO_CENTRO,2e40cf3f-2bbd-461d-93a8-f310944b80e6
Esc-3_averia_mayor,c1,3,QUEVEDO_CENTRO,0fc82d0e-3b08-4fd5-b279-7319e26b0da0
Esc-3_averia_mayor,c1,3,QUEVEDO_CENTRO,b49376a5-fc09-4617-a36f-1f0e081a9f02
Esc-3_averia_mayor,c1,3,QUEVEDO_CENTRO,e6a7254c-299c-421b-b59e-40dac8ced6a1
Esc-3_averia_mayor,c1,3,QUEVEDO_CENTRO,f46a700e-d143-4386-94d9-59487366e62f
Esc-3_averia_mayor,c1,3,QUEVEDO_CENTRO,df21927c-a33b-4d1e-bc95-1fc5fd5ca41b
Esc-3_averia_mayor,c1,3,QUEVEDO_CENTRO,42919ec7-72d7-4144-a0bd-99bc3adea1cb
Esc-3_averia_mayor,c1,3,QUEVEDO_CENTRO,0ddcfacf-70b9-4db5-b6d5-8914e1e74360
Esc-3_averia_mayor,c1,3,QUEVEDO_CENTRO,f2538047-b455-4ca6-be1e-3f5ac645a3c6
Esc-3_averia_mayor,c1,3,QUEVEDO_CENTRO,4ab1366d-199f-4708-ab37-34719c54cc25
Esc-3_averia_mayor,c1,3,QUEVEDO_CENTRO,fcf26b7d-c2c8-420c-a7d1-c46b437711f2
Esc-3_averia_mayor,c1,3,QUEVEDO_CENTRO,1da04b3d-9a9b-477b-8303-fd62eebea6ed
Esc-3_averia_mayor,c1,3,QUEVEDO_CENTRO,f2b22fa2-1985-437b-9d02-e00791b2ad6a
Esc-3_averia_mayor,c1,3,QUEVEDO_CENTRO,b1a46440-3135-460c-8544-fb031803d0f8
Esc-3_averia_mayor,c1,3,QUEVEDO_CENTRO,0d5b4cc7-5e28-4a85-9781-d9f159f6f7e4
Esc-3_averia_mayor,c1,3,QUEVEDO_CENTRO,3c2b514a-1229-4619-8dc2-1a8743afc622
Esc-3_averia_mayor,c1,3,QUEVEDO_CENTRO,7866b68c-6c90-48dd-a9a6-9793f2a57e3b
Esc-3_averia_mayor,c1,3,QUEVEDO_CENTRO,28809691-731a-4c70-a1cb-afacbb500aa2
Esc-3_averia_mayor,c1,3,QUEVEDO_CENTRO,f7b1b61f-267c-429a-b899-6a3a34844f6c
Esc-3_averia_mayor,c1,3,QUEVEDO_CENTRO,0456a52f-6bd4-492d-b69f-8c6eb988aff3
Esc-3_averia_mayor,c1,3,QUEVEDO_CENTRO,c841e425-ac2c-412b-9f73-c3d1644306fb
Esc-3_averia_mayor,c1,3,QUEVEDO_CENTRO,663ac5f5-0765-41ae-9da7-8cf6096d955f
Esc-3_averia_mayor,c1,3,QUEVEDO_CENTRO,d12f5696-80c0-44f3-9aa8-1e31bc290280
Esc-3_averia_mayor,c1,3,QUEVEDO_CENTRO,eb3d99ad-1cf2-4b8b-be63-d36ef7086f7a
Esc-3_averia_mayor,c1,3,QUEVEDO_CENTRO,f63413eb-9c71-40d8-b6e4-a1cbc56e272f
Esc-3_averia_mayor,c1,3,QUEVEDO_CENTRO,0acda4aa-bbb7-4003-9fc2-c18b6f56c7f4
Esc-3_averia_mayor,c1,3,QUEVEDO_CENTRO,ff4608fb-3494-472c-9222-11ea2f6780c8
Esc-3_averia_mayor,c1,3,QUEVEDO_CENTRO,811f449a-57aa-4c5c-a95d-5aad378a4217
Esc-3_averia_mayor,c1,3,QUEVEDO_CENTRO,155117ec-b740-4740-b934-f2f14c100567
Esc-3_averia_mayor,c1,3,QUEVEDO_CENTRO,2f961bcc-be37-4414-a49e-1bc6254ed9a9
Esc-3_averia_mayor,c1,3,QUEVEDO_CENTRO,81fd0887-bf47-4883-ad44-003b3aaca676
Esc-3_averia_mayor,c1,3,QUEVEDO_CENTRO,3cdbd830-e7d6-4aea-b9a7-6419962e1c59
Esc-3_averia_mayor,c1,3,QUEVEDO_CENTRO,eebaac23-edf8-433f-b36e-70c4e314fb0b
Esc-3_averia_mayor,c1,3,QUEVEDO_CENTRO,b709a3d7-430c-4f09-bb03-6be40218f188
Esc-3_averia_mayor,c1,3,QUEVEDO_CENTRO,83abc91d-2a15-4417-9ccd-fb26d4231d9f
Esc-3_averia_mayor,c1,3,QUEVEDO_CENTRO,a08461b8-91df-45d0-a629-4042dd4a3d0e
Esc-3_averia_mayor,c1,3,QUEVEDO_CENTRO,a80c00de-821b-4013-9395-92509d1603dd
Esc-3_averia_mayor,c1,3,QUEVEDO_CENTRO,651d8733-9bed-46b2-9448-3027ee455dc9
Esc-3_averia_mayor,c1,3,QUEVEDO_CENTRO,aa35f618-74c1-419c-8097-eee184afe8e7
Esc-3_averia_mayor,c1,3,QUEVEDO_CENTRO,cfb41f6a-b294-4abd-9b8e-9fbc7d18c700
Esc-3_averia_mayor,c1,3,QUEVEDO_CENTRO,60ef4c60-c701-48aa-a3ab-37c9c9b6f606
Esc-3_averia_mayor,c1,3,QUEVEDO_CENTRO,859538f9-1288-40c7-982f-2db2cc31625d
Esc-3_averia_mayor,c1,3,QUEVEDO_CENTRO,aca8dfe2-c43d-4b84-a6cf-cb100eddb423
Esc-3_averia_mayor,c1,3,QUEVEDO_CENTRO,39ae885c-e286-4a7d-b107-8bb4236b52d3
Esc-3_averia_mayor,c1,3,QUEVEDO_CENTRO,7e8f9c40-7e78-4452-888a-e8ba47dcb8f2
Esc-3_averia_mayor,c1,3,QUEVEDO_CENTRO,5f5336cc-5480-4fd8-89a4-cf6446187a9b
Esc-3_averia_mayor,c1,3,QUEVEDO_CENTRO,3366de61-9bd2-4eaa-ae4c-6c8a999c4081
Esc-3_averia_mayor,c1,3,QUEVEDO_CENTRO,87169256-dc4c-4969-8124-8f58d7d1a9ae
Esc-3_averia_mayor,c1,3,QUEVEDO_CENTRO,43342e0c-f1a9-4467-a33e-01efaecde944
Esc-3_averia_mayor,c1,3,QUEVEDO_CENTRO,8dd8cc63-33c4-43e4-8d04-e9a8cce3d795
Esc-3_averia_mayor,c1,3,QUEVEDO_CENTRO,f6d9f864-1a5f-4ffb-889d-19e196f4205f
Esc-3_averia_mayor,c1,4,QUEVEDO_CENTRO,fceb0644-8934-4a6c-b19e-893b9ec0eab5
Esc-3_averia_mayor,c1,4,QUEVEDO_CENTRO,a99d5641-cdb4-4f27-af1d-d550a196da53
Esc-3_averia_mayor,c1,4,QUEVEDO_CENTRO,e83a73bd-0fb5-4d3d-9d3f-65aa63686132
Esc-3_averia_mayor,c1,4,QUEVEDO_CENTRO,5c56dc66-2f25-48ce-b564-c80615e64759
Esc-3_averia_mayor,c1,4,QUEVEDO_CENTRO,de8c61cc-e3d2-41d9-8ef9-f82b83570059
Esc-3_averia_mayor,c1,4,QUEVEDO_CENTRO,3e7d3560-3d32-4b9d-93a2-2bc6f454d85e
Esc-3_averia_mayor,c1,4,QUEVEDO_CENTRO,92b2e870-158d-4bc1-9dd3-8c4368091900
Esc-3_averia_mayor,c1,4,QUEVEDO_CENTRO,697435c9-61c0-47ab-a438-7dacddc253af
Esc-3_averia_mayor,c1,4,QUEVEDO_CENTRO,6cc7fa73-1884-464e-a207-4fd516c0f49b
Esc-3_averia_mayor,c1,4,QUEVEDO_CENTRO,bea732a4-6696-4bb1-97fb-2f9037d80387
Esc-3_averia_mayor,c1,4,QUEVEDO_CENTRO,1bac88de-f37a-498d-9056-015d41fce43f
Esc-3_averia_mayor,c1,4,QUEVEDO_CENTRO,a567b73d-a615-4073-960d-23290315ad8e
Esc-3_averia_mayor,c1,4,QUEVEDO_CENTRO,7d7eb2b3-8af2-4bf8-8f77-62e95697accf
Esc-3_averia_mayor,c1,4,QUEVEDO_CENTRO,33c234a3-c9f6-4c42-9436-87e29dd7971a
Esc-3_averia_mayor,c1,4,QUEVEDO_CENTRO,abe38ea7-4841-40d9-bcaa-1cd1f8acaa12
Esc-3_averia_mayor,c1,4,QUEVEDO_CENTRO,75725e27-816e-4b16-b46f-82983d8e3b3b
Esc-3_averia_mayor,c1,4,QUEVEDO_CENTRO,6b87c19b-9380-4f8b-b0e0-cf7b39fa9305
Esc-3_averia_mayor,c1,4,QUEVEDO_CENTRO,698bd6fa-311f-42d9-9392-599dabdd43cc
Esc-3_averia_mayor,c1,4,QUEVEDO_CENTRO,d7521c9b-1890-4331-80e3-c871b1248f2f
Esc-3_averia_mayor,c1,4,QUEVEDO_CENTRO,24b0e967-2f87-4c9b-bc42-1e3e8cb0464f
Esc-3_averia_mayor,c1,4,QUEVEDO_CENTRO,03df252a-7dd2-4953-a2e5-1ebd0e5379d4
Esc-3_averia_mayor,c1,4,QUEVEDO_CENTRO,4a177e2b-ec22-4f18-8209-0635e2e8661f
Esc-3_averia_mayor,c1,4,QUEVEDO_CENTRO,65af8dc6-7c59-4bcf-ac0f-df0154121763
Esc-3_averia_mayor,c1,4,QUEVEDO_CENTRO,937ef3af-b55c-4aaf-b451-75cbec38b3d8
Esc-3_averia_mayor,c1,4,QUEVEDO_CENTRO,52f219d6-51ba-47df-a7e9-bab1da784487
Esc-3_averia_mayor,c1,4,QUEVEDO_CENTRO,43139041-5708-4c7d-9899-821e6adb50ca
Esc-3_averia_mayor,c1,4,QUEVEDO_CENTRO,b4270a23-bb99-42f2-af51-d7f0304fd839
Esc-3_averia_mayor,c1,4,QUEVEDO_CENTRO,50558bb4-99e1-4e25-9e40-acc7598d7c00
Esc-3_averia_mayor,c1,4,QUEVEDO_CENTRO,f5e8a53b-d494-41d0-a709-d98135d30833
Esc-3_averia_mayor,c1,4,QUEVEDO_CENTRO,52aa790a-47d2-4da5-bd66-a003a2c68660
Esc-3_averia_mayor,c1,4,QUEVEDO_CENTRO,0544bc18-b620-4a0a-a02a-207db5c1511d
Esc-3_averia_mayor,c1,4,QUEVEDO_CENTRO,c53294d9-3a48-4f7f-b947-aa429ca39ae5
Esc-3_averia_mayor,c1,4,QUEVEDO_CENTRO,1e047715-1b5c-4fd7-9506-f24905ebc982
Esc-3_averia_mayor,c1,4,QUEVEDO_CENTRO,c4d09252-a0fe-4fa4-9147-0e534bb4ec55
Esc-3_averia_mayor,c1,4,QUEVEDO_CENTRO,88d9e957-5b19-4c86-abae-aa1c7d28daf9
Esc-3_averia_mayor,c1,4,QUEVEDO_CENTRO,b949cdba-77ae-4514-8009-bf20b7b3ab22
Esc-3_averia_mayor,c1,4,QUEVEDO_CENTRO,13d24eb7-5ca5-47c0-98b6-5878ed84b120
Esc-3_averia_mayor,c1,4,QUEVEDO_CENTRO,a5d2928e-880b-4509-b4c1-fae2fae92a55
Esc-3_averia_mayor,c1,4,QUEVEDO_CENTRO,ea4d435a-288d-4d9d-96bb-9a12634a078f
Esc-3_averia_mayor,c1,4,QUEVEDO_CENTRO,62a3b2d2-1eb8-47d7-9235-7277746e9dbe
Esc-3_averia_mayor,c1,4,QUEVEDO_CENTRO,e9c39b50-ebb6-483e-8f19-ee262f69d83e
Esc-3_averia_mayor,c1,4,QUEVEDO_CENTRO,f08ec34e-7d1f-4ec0-acea-31290e33dc56
Esc-3_averia_mayor,c1,4,QUEVEDO_CENTRO,b8e639a1-c9f2-42c9-a5c0-391622b768c3
Esc-3_averia_mayor,c1,4,QUEVEDO_CENTRO,18ca4cdb-38e4-40d5-b03f-85e864d35a97
Esc-3_averia_mayor,c1,4,QUEVEDO_CENTRO,26e53250-fe4d-46f9-97f2-41b0502d6a1b
Esc-3_averia_mayor,c1,4,QUEVEDO_CENTRO,87d5a4aa-6824-4177-be74-0a232bf168d7
Esc-3_averia_mayor,c1,4,QUEVEDO_CENTRO,a1e7820a-69f1-4976-a529-e4cdd3ae8f67
Esc-3_averia_mayor,c1,4,QUEVEDO_CENTRO,388588f9-6f3d-4d66-a549-1976ae610ea1
Esc-3_averia_mayor,c1,4,QUEVEDO_CENTRO,83541567-0d70-4c77-abc3-e028621e6d76
Esc-3_averia_mayor,c1,4,QUEVEDO_CENTRO,796f600d-acca-4618-9b44-82eb416a48e5
Esc-3_averia_mayor,c1,4,QUEVEDO_CENTRO,eef68b93-da54-4d25-b9aa-e52e797c3452
Esc-3_averia_mayor,c1,4,QUEVEDO_CENTRO,da466deb-651d-475a-8a86-c5bae7b8a621
Esc-3_averia_mayor,c1,4,QUEVEDO_CENTRO,1e15af39-4096-47dc-b90a-46411d6e706c
Esc-3_averia_mayor,c1,4,QUEVEDO_CENTRO,0e28725e-99fe-4343-b1a7-7f0946684ce1
Esc-3_averia_mayor,c1,4,QUEVEDO_CENTRO,fca9cbde-e767-4036-af3b-6014905ab13c
Esc-3_averia_mayor,c1,4,QUEVEDO_CENTRO,d279c8f0-575c-43b5-a602-203e320bdb7c
Esc-3_averia_mayor,c1,4,QUEVEDO_CENTRO,3343609b-140d-4778-959b-6249738e2895
Esc-3_averia_mayor,c1,4,QUEVEDO_CENTRO,5d3061a6-7f23-4f69-9bbb-3ea4cf4188ae
Esc-3_averia_mayor,c1,4,QUEVEDO_CENTRO,8b8de01c-5f84-47cc-bb92-67c83a1eab23
Esc-3_averia_mayor,c1,4,QUEVEDO_CENTRO,1268aff7-2124-4568-9e88-80368ba44cbd
Esc-3_averia_mayor,c1,5,QUEVEDO_CENTRO,8cbe8529-9845-4547-bbc0-59037e37f1f0
Esc-3_averia_mayor,c1,5,QUEVEDO_CENTRO,2d2ed07c-72e4-430c-b36f-6192231f843e
Esc-3_averia_mayor,c1,5,QUEVEDO_CENTRO,db1a85d1-549c-4f8a-a337-54d42cbe3938
Esc-3_averia_mayor,c1,5,QUEVEDO_CENTRO,666daf2f-4beb-443f-8d67-bad64456d9a4
Esc-3_averia_mayor,c1,5,QUEVEDO_CENTRO,c2fc7cbf-7565-49c9-8706-1b823d6385af
Esc-3_averia_mayor,c1,5,QUEVEDO_CENTRO,4b4aac3e-56e8-4e13-8392-bc623cad7a8e
Esc-3_averia_mayor,c1,5,QUEVEDO_CENTRO,cf94c57e-5b67-44e5-adf6-76c9895da9e0
Esc-3_averia_mayor,c1,5,QUEVEDO_CENTRO,ae1d8c91-2e66-4226-b493-69bad19f358c
Esc-3_averia_mayor,c1,5,QUEVEDO_CENTRO,69b47723-cc04-41bf-8fd6-583f8eba9882
Esc-3_averia_mayor,c1,5,QUEVEDO_CENTRO,1b1c76d4-0e17-40fc-baf6-5f1478d24d12
Esc-3_averia_mayor,c1,5,QUEVEDO_CENTRO,eebd33f6-22ac-4f3f-af64-10df01ad8a85
Esc-3_averia_mayor,c1,5,QUEVEDO_CENTRO,65e888e3-3d9a-4ec1-bdbf-540d80c13c79
Esc-3_averia_mayor,c1,5,QUEVEDO_CENTRO,08ab6eb5-f266-4a8d-bb9e-40ff73827dcf
Esc-3_averia_mayor,c1,5,QUEVEDO_CENTRO,46f2bbe2-58ef-4767-a73f-f3d538fd9afc
Esc-3_averia_mayor,c1,5,QUEVEDO_CENTRO,a2d5c526-dcb1-494c-946a-8b950c34ca45
Esc-3_averia_mayor,c1,5,QUEVEDO_CENTRO,22495139-5f40-458d-9967-584cbb28d5ca
Esc-3_averia_mayor,c1,5,QUEVEDO_CENTRO,4fa2d850-b25a-4b71-b247-d33365cdc321
Esc-3_averia_mayor,c1,5,QUEVEDO_CENTRO,e35ee8c2-489a-4110-a610-951714a3888f
Esc-3_averia_mayor,c1,5,QUEVEDO_CENTRO,35a2b922-65be-496e-919c-5554283d113c
Esc-3_averia_mayor,c1,5,QUEVEDO_CENTRO,66e183d6-60c9-41a4-8e7c-ecea011d7f0e
Esc-3_averia_mayor,c1,5,QUEVEDO_CENTRO,53cfc5bb-adc4-4b66-8ae1-e39a94d47783
Esc-3_averia_mayor,c1,5,QUEVEDO_CENTRO,fc239991-476f-4941-8d9c-f741c4c34dc0
Esc-3_averia_mayor,c1,5,QUEVEDO_CENTRO,f5e375a9-b7f2-4e54-b44a-c796221b44ee
Esc-3_averia_mayor,c1,5,QUEVEDO_CENTRO,55a41ddc-df62-4748-865e-0ec90d21acca
Esc-3_averia_mayor,c1,5,QUEVEDO_CENTRO,2ebfb1c8-e9d6-47c2-9c74-1ead6cd52d8e
Esc-3_averia_mayor,c1,5,QUEVEDO_CENTRO,3ab1c79f-528c-4ae0-a4f0-43ad2d6a4ceb
Esc-3_averia_mayor,c1,5,QUEVEDO_CENTRO,d3f51998-1c1a-419f-9d25-e19afc010d69
Esc-3_averia_mayor,c1,5,QUEVEDO_CENTRO,0887ee24-6bc5-44bd-a899-93f2e29f6934
Esc-3_averia_mayor,c1,5,QUEVEDO_CENTRO,e5451c04-6c48-4983-aef3-7cd94525a914
Esc-3_averia_mayor,c1,5,QUEVEDO_CENTRO,fcd75831-833c-484f-a5ba-c39692496790
Esc-3_averia_mayor,c1,5,QUEVEDO_CENTRO,ed61dfc6-7f54-4cb0-80e4-26660751a1d5
Esc-3_averia_mayor,c1,5,QUEVEDO_CENTRO,b30cec7c-7e63-434a-8d3e-7c4c312185f2
Esc-3_averia_mayor,c1,5,QUEVEDO_CENTRO,94da3547-96a8-4433-b763-0c6ebbbce989
Esc-3_averia_mayor,c1,5,QUEVEDO_CENTRO,784aaf74-3680-44c1-ae00-2558516095bf
Esc-3_averia_mayor,c1,5,QUEVEDO_CENTRO,69d9615e-a76b-4a1b-801c-64e22ae873a7
Esc-3_averia_mayor,c1,5,QUEVEDO_CENTRO,3a525317-d6a4-43cd-9d67-6959f094ae2e
Esc-3_averia_mayor,c1,5,QUEVEDO_CENTRO,95e30432-5d6d-4a69-98d4-b00cd40cc2b6
Esc-3_averia_mayor,c1,5,QUEVEDO_CENTRO,0c9c12b1-9219-4c56-9d51-92d7b9b4302e
Esc-3_averia_mayor,c1,5,QUEVEDO_CENTRO,22e26df9-dcab-4986-b407-e6bb65072ff4
Esc-3_averia_mayor,c1,5,QUEVEDO_CENTRO,58842561-e758-41f8-b077-84a4a9c5c96e
Esc-3_averia_mayor,c1,5,QUEVEDO_CENTRO,a9fdd9fa-179d-4e5a-b66f-c63527c815c0
Esc-3_averia_mayor,c1,5,QUEVEDO_CENTRO,d6c0f37f-c360-4cf7-857c-9b1af280b656
Esc-3_averia_mayor,c1,5,QUEVEDO_CENTRO,7c2b6bdb-302d-44ad-9694-b6d26dfd9d5c
Esc-3_averia_mayor,c1,5,QUEVEDO_CENTRO,390f725d-de1c-494d-ae5a-bbdbd6006e37
Esc-3_averia_mayor,c1,5,QUEVEDO_CENTRO,462b4af2-c81e-4bbf-99fe-98f1089d5367
Esc-3_averia_mayor,c1,5,QUEVEDO_CENTRO,18972487-7e0d-4b9d-88e5-3e82a6834f8c
Esc-3_averia_mayor,c1,5,QUEVEDO_CENTRO,8ad3f7b0-0b00-4112-a31f-c1ad3a3494db
Esc-3_averia_mayor,c1,5,QUEVEDO_CENTRO,4776ecc5-8876-4452-9e46-f78ea6eba97b
Esc-3_averia_mayor,c1,5,QUEVEDO_CENTRO,b6a50059-3d6e-4265-b157-7f662aa57750
Esc-3_averia_mayor,c1,5,QUEVEDO_CENTRO,0773582d-b213-4d21-bef3-fb59028f72d2
Esc-3_averia_mayor,c1,5,QUEVEDO_CENTRO,554d614d-6231-4b64-bd66-84a82a0eca9d
Esc-3_averia_mayor,c1,5,QUEVEDO_CENTRO,0deb994a-8b50-49ee-9f3a-912917252a92
Esc-3_averia_mayor,c1,5,QUEVEDO_CENTRO,87f16eb3-0319-496e-8a50-976aa24066fc
Esc-3_averia_mayor,c1,5,QUEVEDO_CENTRO,0a5bc12d-0e43-4be9-96f9-af1ab9c6851d
Esc-3_averia_mayor,c1,5,QUEVEDO_CENTRO,2a8aabda-c43d-498b-a2bb-10e2715294e3
Esc-3_averia_mayor,c1,5,QUEVEDO_CENTRO,55e584af-a63e-45ab-b461-006546071167
Esc-3_averia_mayor,c1,5,QUEVEDO_CENTRO,f0e232a2-4c0f-4fe5-81de-2575df000c36
Esc-3_averia_mayor,c1,5,QUEVEDO_CENTRO,758229c7-3cc3-4792-a3df-2a6e1b61b670
Esc-3_averia_mayor,c1,5,QUEVEDO_CENTRO,1b3a48a7-9b06-477f-8d2a-d5406d7a9f0b
Esc-3_averia_mayor,c1,5,QUEVEDO_CENTRO,0359f4a6-41ab-4931-a708-5a2c53f48728
Esc-4_dos_averias_simultaneas,c1,1,QUEVEDO_CENTRO,ed969020-ab2f-41c8-bf32-0224b12e920c
Esc-4_dos_averias_simultaneas,c1,1,QUEVEDO_CENTRO,95757035-349b-4fad-af8a-3120741148bf
Esc-4_dos_averias_simultaneas,c1,1,QUEVEDO_CENTRO,7aaaabe1-7e49-4a73-9e68-c07cb9421f44
Esc-4_dos_averias_simultaneas,c1,1,QUEVEDO_NORTE,d586cedf-f24f-430e-a747-bf1e9c86192a
Esc-4_dos_averias_simultaneas,c1,1,QUEVEDO_CENTRO,febf000e-b95a-4957-a950-54a45972d766
Esc-4_dos_averias_simultaneas,c1,1,QUEVEDO_NORTE,fe8f1e8e-bc31-4ead-82dd-c6b0c76b5f58
Esc-4_dos_averias_simultaneas,c1,1,QUEVEDO_CENTRO,03e190ac-0a9f-41d8-a38e-73e9d3a2fcaf
Esc-4_dos_averias_simultaneas,c1,1,QUEVEDO_NORTE,6d1de3b8-c7a1-4496-828a-152fdcaf8806
Esc-4_dos_averias_simultaneas,c1,1,QUEVEDO_CENTRO,3164271c-1b88-4a09-9f03-345b158a932a
Esc-4_dos_averias_simultaneas,c1,1,QUEVEDO_NORTE,96e75065-5036-4276-9b63-f290c84303d1
Esc-4_dos_averias_simultaneas,c1,1,QUEVEDO_NORTE,538fd5ea-0489-4f1b-ac55-dbbbf7568787
Esc-4_dos_averias_simultaneas,c1,1,QUEVEDO_CENTRO,911495e4-97c3-4035-af72-2a4084a310ed
Esc-4_dos_averias_simultaneas,c1,1,QUEVEDO_NORTE,e7a8131a-40a0-49e7-ba37-b0cae540dbd7
Esc-4_dos_averias_simultaneas,c1,1,QUEVEDO_NORTE,ca10e6f2-050d-4579-984c-ea1fac27ab3f
Esc-4_dos_averias_simultaneas,c1,1,QUEVEDO_CENTRO,26337428-8481-41a9-8dcf-199abc4645b8
Esc-4_dos_averias_simultaneas,c1,1,QUEVEDO_CENTRO,0db928fa-2b8c-460c-80fe-086473c26d8f
Esc-4_dos_averias_simultaneas,c1,1,QUEVEDO_NORTE,5f068f41-164d-4403-8a8f-fca431354e70
Esc-4_dos_averias_simultaneas,c1,1,QUEVEDO_CENTRO,3b528496-7198-41ce-9c2b-ba78f64e147b
Esc-4_dos_averias_simultaneas,c1,1,QUEVEDO_CENTRO,5dd7e81c-e2bb-4d46-a539-92a141bf99d7
Esc-4_dos_averias_simultaneas,c1,1,QUEVEDO_NORTE,a6571050-ed41-4c6e-a8b9-5be2c840eabb
Esc-4_dos_averias_simultaneas,c1,1,QUEVEDO_CENTRO,e71d4113-4401-4ccb-86b9-e26429020f61
Esc-4_dos_averias_simultaneas,c1,1,QUEVEDO_CENTRO,ab3010a5-d3b5-4d73-af1c-a0941fa2ff15
Esc-4_dos_averias_simultaneas,c1,1,QUEVEDO_NORTE,e9460300-1637-4aef-924d-38691cc5439f
Esc-4_dos_averias_simultaneas,c1,1,QUEVEDO_NORTE,4e2e3453-fffc-4530-b532-187bf109133e
Esc-4_dos_averias_simultaneas,c1,1,QUEVEDO_NORTE,b59b50b2-d005-4bfc-b10a-573dd226ab5b
Esc-4_dos_averias_simultaneas,c1,1,QUEVEDO_NORTE,c9f77bc6-babc-4365-ad67-0be92364a6ad
Esc-4_dos_averias_simultaneas,c1,1,QUEVEDO_CENTRO,5d2dbb43-bb5b-4595-a490-d2db5e73654e
Esc-4_dos_averias_simultaneas,c1,1,QUEVEDO_NORTE,4a994670-d2fc-46be-87fe-6656cd3dd614
Esc-4_dos_averias_simultaneas,c1,1,QUEVEDO_CENTRO,f883ea08-2a5c-4af5-98ba-5b91fec6b884
Esc-4_dos_averias_simultaneas,c1,1,QUEVEDO_NORTE,64b7edb3-61b1-40e0-813b-5bba4142820a
Esc-4_dos_averias_simultaneas,c1,1,QUEVEDO_NORTE,8ccda1ac-161e-4a9d-a25f-635166f79bbe
Esc-4_dos_averias_simultaneas,c1,1,QUEVEDO_NORTE,8dff8d15-a6a9-4099-a41f-0d40f0b40079
Esc-4_dos_averias_simultaneas,c1,1,QUEVEDO_CENTRO,84a5275d-47bd-4c6e-a006-e9848c7f88e8
Esc-4_dos_averias_simultaneas,c1,1,QUEVEDO_NORTE,1bf05e54-4b99-4210-bbc9-6116d215fb8c
Esc-4_dos_averias_simultaneas,c1,1,QUEVEDO_CENTRO,0c80e393-f216-472c-b6d4-a316efc699f1
Esc-4_dos_averias_simultaneas,c1,1,QUEVEDO_CENTRO,96b54b54-baac-43e7-bdd6-0068033db731
Esc-4_dos_averias_simultaneas,c1,1,QUEVEDO_NORTE,53f8fda8-17c9-4480-84df-8f8be8309c41
Esc-4_dos_averias_simultaneas,c1,1,QUEVEDO_CENTRO,cdc8f317-a2f3-4a68-869e-3091a8cd7c22
Esc-4_dos_averias_simultaneas,c1,1,QUEVEDO_CENTRO,f67a9958-6224-46ed-a916-8a3e240d9702
Esc-4_dos_averias_simultaneas,c1,1,QUEVEDO_NORTE,1258c271-e0b8-40e4-9afa-b8f77c0095b6
Esc-4_dos_averias_simultaneas,c1,2,QUEVEDO_NORTE,1427a703-03f3-44ed-a972-50f30a5584ab
Esc-4_dos_averias_simultaneas,c1,2,QUEVEDO_NORTE,e89ae6d5-8c35-4143-97ed-8233e10d9f92
Esc-4_dos_averias_simultaneas,c1,2,QUEVEDO_CENTRO,03e1a3c6-00f8-4b0b-bfb3-d72161e17578
Esc-4_dos_averias_simultaneas,c1,2,QUEVEDO_NORTE,b4855319-61d2-4c20-ab31-ba7ff8d0421a
Esc-4_dos_averias_simultaneas,c1,2,QUEVEDO_CENTRO,d847c3af-4e18-4612-8d9c-9d37f200f8a5
Esc-4_dos_averias_simultaneas,c1,2,QUEVEDO_CENTRO,a84f7ffb-9739-4d33-9f93-5650183f0ad8
Esc-4_dos_averias_simultaneas,c1,2,QUEVEDO_NORTE,2a91120b-4670-4e50-b32e-6ab004b51ea1
Esc-4_dos_averias_simultaneas,c1,2,QUEVEDO_NORTE,0ca76678-e4f4-4b0a-9b02-4155d94a6807
Esc-4_dos_averias_simultaneas,c1,2,QUEVEDO_CENTRO,286cd6cc-b992-4e4a-aff0-1489223cc5df
Esc-4_dos_averias_simultaneas,c1,2,QUEVEDO_NORTE,93f66231-be03-4ec0-9127-2efeb50ca9dc
Esc-4_dos_averias_simultaneas,c1,2,QUEVEDO_NORTE,81becb29-1b8a-4434-8ea8-0b313eb58b8e
Esc-4_dos_averias_simultaneas,c1,2,QUEVEDO_NORTE,104ad7d7-3a69-4d29-91dc-c68d385bda61
Esc-4_dos_averias_simultaneas,c1,2,QUEVEDO_NORTE,9d0a67e4-9af7-40ba-97e6-6c5f56ee5254
Esc-4_dos_averias_simultaneas,c1,2,QUEVEDO_CENTRO,22270067-25e3-46bd-8ba1-62f2ed2c97b8
Esc-4_dos_averias_simultaneas,c1,2,QUEVEDO_CENTRO,f81736b0-1db6-47f6-8c19-cc8639f3aade
Esc-4_dos_averias_simultaneas,c1,2,QUEVEDO_CENTRO,886d34c5-1837-47c5-af4e-c8a7e5507b23
Esc-4_dos_averias_simultaneas,c1,2,QUEVEDO_CENTRO,5e3a05fe-ba4e-46b1-a7ca-e2dbd4eda108
Esc-4_dos_averias_simultaneas,c1,2,QUEVEDO_CENTRO,b46ca7a6-e53a-4e4d-91bb-0cbeba5fed68
Esc-4_dos_averias_simultaneas,c1,2,QUEVEDO_NORTE,4400784e-9e47-4c0b-8239-cc2a204d590f
Esc-4_dos_averias_simultaneas,c1,2,QUEVEDO_CENTRO,ca44a511-4287-456b-b000-aa0f40461cbc
Esc-4_dos_averias_simultaneas,c1,2,QUEVEDO_NORTE,1b57122e-d64c-4326-a63f-af71b3cfb4d5
Esc-4_dos_averias_simultaneas,c1,2,QUEVEDO_CENTRO,67b0ad64-b86b-4798-8a4c-e5ae3a54dd82
Esc-4_dos_averias_simultaneas,c1,2,QUEVEDO_NORTE,cc6b59e3-0760-4f5d-8a0b-c0ecb22a2d51
Esc-4_dos_averias_simultaneas,c1,2,QUEVEDO_CENTRO,923abfde-d024-4635-a05b-4ced67c8af0b
Esc-4_dos_averias_simultaneas,c1,2,QUEVEDO_CENTRO,efc3b726-d59c-4b96-8fb9-7fad1757bc59
Esc-4_dos_averias_simultaneas,c1,2,QUEVEDO_CENTRO,c6aa620b-b755-4627-8f3e-b70b31adb2ea
Esc-4_dos_averias_simultaneas,c1,2,QUEVEDO_NORTE,9538920a-b5fc-40ed-8da9-70551a793d4b
Esc-4_dos_averias_simultaneas,c1,2,QUEVEDO_CENTRO,92a74371-ed8e-4f21-9f9c-eb59359d86e4
Esc-4_dos_averias_simultaneas,c1,2,QUEVEDO_NORTE,7ccf78bc-3a57-40bc-9dd6-217c0a85752b
Esc-4_dos_averias_simultaneas,c1,2,QUEVEDO_NORTE,07f0c21e-b31c-45db-9bac-898411bda8f4
Esc-4_dos_averias_simultaneas,c1,2,QUEVEDO_NORTE,1b313351-0888-4380-a078-563c1e4a1d2a
Esc-4_dos_averias_simultaneas,c1,2,QUEVEDO_CENTRO,454b959a-b10c-47bd-9d0a-fd15a8a3faba
Esc-4_dos_averias_simultaneas,c1,2,QUEVEDO_NORTE,079307b7-c115-4bb2-8025-0c3cedd0f88a
Esc-4_dos_averias_simultaneas,c1,2,QUEVEDO_CENTRO,89205b74-efd8-4cb0-998c-9e0b9017090d
Esc-4_dos_averias_simultaneas,c1,2,QUEVEDO_CENTRO,a65e6832-14c0-4128-b0b8-4c900ece247f
Esc-4_dos_averias_simultaneas,c1,2,QUEVEDO_NORTE,56df4c00-6fe1-4ff3-9481-dc515586a6e6
Esc-4_dos_averias_simultaneas,c1,2,QUEVEDO_CENTRO,22992e4c-473a-4c53-b4e1-a315b58a8372
Esc-4_dos_averias_simultaneas,c1,2,QUEVEDO_NORTE,8004bfd3-d0db-49a5-abe0-dc557fcc2438
Esc-4_dos_averias_simultaneas,c1,2,QUEVEDO_CENTRO,7b4079ce-3454-4684-81be-d06cd622b091
Esc-4_dos_averias_simultaneas,c1,2,QUEVEDO_NORTE,254f4106-892a-42e3-92ba-690c838075a1
Esc-4_dos_averias_simultaneas,c1,3,QUEVEDO_CENTRO,cceaeeef-2256-4295-9c9a-6103b4f89fcf
Esc-4_dos_averias_simultaneas,c1,3,QUEVEDO_NORTE,d7c5d450-5ce2-45a3-bc4e-5083632d17ae
Esc-4_dos_averias_simultaneas,c1,3,QUEVEDO_NORTE,9924aedf-8f08-4097-8bd4-de5eca2c0659
Esc-4_dos_averias_simultaneas,c1,3,QUEVEDO_NORTE,4ed33942-360c-4048-830b-15dcb9b0d003
Esc-4_dos_averias_simultaneas,c1,3,QUEVEDO_CENTRO,af0ed54e-23c0-4f5e-9be1-82bffcdbd4a3
Esc-4_dos_averias_simultaneas,c1,3,QUEVEDO_CENTRO,2dfcbc45-d386-41ad-997c-757525d55569
Esc-4_dos_averias_simultaneas,c1,3,QUEVEDO_NORTE,5e64d19e-b130-4c4a-9dcd-8a85e97c18dc
Esc-4_dos_averias_simultaneas,c1,3,QUEVEDO_CENTRO,08677968-af39-40ea-9efd-c13348d34c92
Esc-4_dos_averias_simultaneas,c1,3,QUEVEDO_CENTRO,a10956e1-c7ed-4005-8652-b0ed9ef6a6e8
Esc-4_dos_averias_simultaneas,c1,3,QUEVEDO_CENTRO,3f4a480e-239f-4529-b636-670ffe24c953
Esc-4_dos_averias_simultaneas,c1,3,QUEVEDO_NORTE,a88e91cc-5a9a-493d-80c1-9a1df31fe755
Esc-4_dos_averias_simultaneas,c1,3,QUEVEDO_NORTE,ca393290-dd8e-4025-8467-e00373f5fe98
Esc-4_dos_averias_simultaneas,c1,3,QUEVEDO_CENTRO,029bca35-703d-491d-be34-1e1a224337e2
Esc-4_dos_averias_simultaneas,c1,3,QUEVEDO_NORTE,e577c248-cdf3-42fd-b612-b71283c22826
Esc-4_dos_averias_simultaneas,c1,3,QUEVEDO_CENTRO,62af0301-50fb-4456-806e-5b14b1e79f23
Esc-4_dos_averias_simultaneas,c1,3,QUEVEDO_NORTE,158b5ee8-88a0-4836-a3d7-e4f0d472c024
Esc-4_dos_averias_simultaneas,c1,3,QUEVEDO_NORTE,cb31562f-dbbe-4825-834f-dddb53741ef2
Esc-4_dos_averias_simultaneas,c1,3,QUEVEDO_CENTRO,03971ab0-1ebc-4879-824b-c05631076ed3
Esc-4_dos_averias_simultaneas,c1,3,QUEVEDO_NORTE,22d5e28d-944b-414f-b810-664bb50547eb
Esc-4_dos_averias_simultaneas,c1,3,QUEVEDO_NORTE,0c7c7a2a-0b78-40f2-b0bc-78ffddd4794e
Esc-4_dos_averias_simultaneas,c1,3,QUEVEDO_CENTRO,95f8ffea-e1d2-4519-b411-45fd0a2b4388
Esc-4_dos_averias_simultaneas,c1,3,QUEVEDO_NORTE,865116b2-aac5-4589-8c98-5b118539cba4
Esc-4_dos_averias_simultaneas,c1,3,QUEVEDO_CENTRO,98bfb093-3c93-4a2c-891d-5fe2685f3749
Esc-4_dos_averias_simultaneas,c1,3,QUEVEDO_NORTE,d184a4d4-60cc-4af8-b2be-35cd08262085
Esc-4_dos_averias_simultaneas,c1,3,QUEVEDO_CENTRO,6b65db1b-b818-44dc-af3a-240221d3e288
Esc-4_dos_averias_simultaneas,c1,3,QUEVEDO_NORTE,10b0202c-1271-41ad-bab9-148d4ffee7fd
Esc-4_dos_averias_simultaneas,c1,3,QUEVEDO_NORTE,6fe32c8f-d075-45c4-a5fb-3bd36d86c850
Esc-4_dos_averias_simultaneas,c1,3,QUEVEDO_NORTE,21ef676d-1bcf-4aa3-9797-6a7d275d30d8
Esc-4_dos_averias_simultaneas,c1,3,QUEVEDO_CENTRO,52128ff6-50f4-4de4-bf72-59f27250e853
Esc-4_dos_averias_simultaneas,c1,3,QUEVEDO_CENTRO,195d683c-449c-4a2a-90b8-409adebc0489
Esc-4_dos_averias_simultaneas,c1,3,QUEVEDO_CENTRO,8ff6f6d3-cea7-4e90-869b-34b414fb6cbc
Esc-4_dos_averias_simultaneas,c1,3,QUEVEDO_NORTE,9cd13d85-5e35-47aa-aa99-6092b4360880
Esc-4_dos_averias_simultaneas,c1,3,QUEVEDO_NORTE,90cb1119-19bf-4e5a-bd51-89bcf1c9756f
Esc-4_dos_averias_simultaneas,c1,3,QUEVEDO_CENTRO,b3258636-d626-4a05-87cf-fabbcb4a696a
Esc-4_dos_averias_simultaneas,c1,3,QUEVEDO_CENTRO,069761ba-e477-4cb4-9fc7-a29f3f59ccd6
Esc-4_dos_averias_simultaneas,c1,3,QUEVEDO_NORTE,f87911ae-6ff7-4ecd-9b9f-477973b8d87e
Esc-4_dos_averias_simultaneas,c1,3,QUEVEDO_NORTE,b16b64d5-c393-46b6-be3c-2710634439fc
Esc-4_dos_averias_simultaneas,c1,3,QUEVEDO_CENTRO,4628bd8a-8dc3-40d7-8400-f26a41d3a26a
Esc-4_dos_averias_simultaneas,c1,3,QUEVEDO_CENTRO,316ed04e-906f-4e19-a9d3-aa6a75836c26
Esc-4_dos_averias_simultaneas,c1,3,QUEVEDO_CENTRO,d19412a8-1d81-44b6-9e61-35c71d0e19d3
Esc-4_dos_averias_simultaneas,c1,4,QUEVEDO_NORTE,08159274-42ed-4280-b4ee-37810ce6def2
Esc-4_dos_averias_simultaneas,c1,4,QUEVEDO_NORTE,d3cec3e2-1e6d-458a-ad4c-06ce50b32ce5
Esc-4_dos_averias_simultaneas,c1,4,QUEVEDO_NORTE,5ec22455-0177-466a-9dbb-cbfa4156c384
Esc-4_dos_averias_simultaneas,c1,4,QUEVEDO_NORTE,b5b3e2c2-5cf6-40f2-a28a-9b6927b28ab8
Esc-4_dos_averias_simultaneas,c1,4,QUEVEDO_NORTE,bb230a48-e0b6-4205-8384-c50fe673554d
Esc-4_dos_averias_simultaneas,c1,4,QUEVEDO_NORTE,fee85751-1363-4523-b4ff-f02b2f72a1f2
Esc-4_dos_averias_simultaneas,c1,4,QUEVEDO_CENTRO,d646b5df-d03f-41f3-811f-2d2dbd1bd7f1
Esc-4_dos_averias_simultaneas,c1,4,QUEVEDO_NORTE,1dd8e76e-d446-4bf6-8403-69b5e9c8385a
Esc-4_dos_averias_simultaneas,c1,4,QUEVEDO_NORTE,129481ee-11c6-4b97-b95f-d3d214252233
Esc-4_dos_averias_simultaneas,c1,4,QUEVEDO_CENTRO,7c98ebdc-120e-4c7a-b560-618806d9819f
Esc-4_dos_averias_simultaneas,c1,4,QUEVEDO_CENTRO,a8552fdd-6dbc-492b-baa8-787a7bd49ae0
Esc-4_dos_averias_simultaneas,c1,4,QUEVEDO_NORTE,754adcd8-f3f1-4086-9360-028d68bb5389
Esc-4_dos_averias_simultaneas,c1,4,QUEVEDO_NORTE,d8f1e64c-5b6b-493c-bacc-49e9daf8535a
Esc-4_dos_averias_simultaneas,c1,4,QUEVEDO_CENTRO,2a9e1fb8-28cb-4089-bbb1-4feb808f8848
Esc-4_dos_averias_simultaneas,c1,4,QUEVEDO_CENTRO,a9039414-8ecc-44c0-a1be-fc8a28c5c422
Esc-4_dos_averias_simultaneas,c1,4,QUEVEDO_CENTRO,86aaffe4-50c4-4277-a479-f47238f36aab
Esc-4_dos_averias_simultaneas,c1,4,QUEVEDO_NORTE,a9dc3e5f-6db7-47ed-b789-d0094c588c3c
Esc-4_dos_averias_simultaneas,c1,4,QUEVEDO_CENTRO,bdb68873-80fc-4165-92b4-9e389fb841b7
Esc-4_dos_averias_simultaneas,c1,4,QUEVEDO_CENTRO,be8e155b-f3f3-431f-bb63-463a68b939ff
Esc-4_dos_averias_simultaneas,c1,4,QUEVEDO_CENTRO,02e721fb-5c3d-41e7-aee5-0bb6ce619e6f
Esc-4_dos_averias_simultaneas,c1,4,QUEVEDO_NORTE,aa4fa832-0a76-4d86-a33a-27679b05140e
Esc-4_dos_averias_simultaneas,c1,4,QUEVEDO_CENTRO,48052056-bbc1-4b99-bb2d-f07bc778b2ef
Esc-4_dos_averias_simultaneas,c1,4,QUEVEDO_CENTRO,9c8eb305-f62a-4cd5-9090-bfe7196284ef
Esc-4_dos_averias_simultaneas,c1,4,QUEVEDO_CENTRO,44c94257-9f3a-4c6c-9083-66fcc3054bc3
Esc-4_dos_averias_simultaneas,c1,4,QUEVEDO_NORTE,67a3dbfa-342f-4e76-8959-409fa111d095
Esc-4_dos_averias_simultaneas,c1,4,QUEVEDO_CENTRO,8a47e8d1-9a75-4088-bd45-4a4bea33e0d0
Esc-4_dos_averias_simultaneas,c1,4,QUEVEDO_NORTE,a2f1ea07-6653-4671-a824-c56034806f13
Esc-4_dos_averias_simultaneas,c1,4,QUEVEDO_CENTRO,a1ba64c2-99e1-4214-b056-deeb358baa59
Esc-4_dos_averias_simultaneas,c1,4,QUEVEDO_NORTE,8d73eeee-315f-4eae-82ae-af3a1a1419c6
Esc-4_dos_averias_simultaneas,c1,4,QUEVEDO_CENTRO,9f5b5203-20b6-48fb-b91a-ef93c304782d
Esc-4_dos_averias_simultaneas,c1,4,QUEVEDO_NORTE,108de51f-b201-4ba3-adbb-e91889bf1e04
Esc-4_dos_averias_simultaneas,c1,4,QUEVEDO_CENTRO,02a08907-95bc-4321-b607-d4f5c170c9db
Esc-4_dos_averias_simultaneas,c1,4,QUEVEDO_NORTE,85bcf794-582d-424b-8fee-3cdeb5e954b8
Esc-4_dos_averias_simultaneas,c1,4,QUEVEDO_CENTRO,e9dae331-1efd-48c2-856f-feacdc7f9e96
Esc-4_dos_averias_simultaneas,c1,4,QUEVEDO_NORTE,66d41b86-bc60-41d8-aeee-d45b0fd4fa68
Esc-4_dos_averias_simultaneas,c1,4,QUEVEDO_CENTRO,03d54fa0-3601-4542-a810-2277b016ec81
Esc-4_dos_averias_simultaneas,c1,4,QUEVEDO_NORTE,537ba68c-f2ca-47be-8afd-c57f3f073ae6
Esc-4_dos_averias_simultaneas,c1,4,QUEVEDO_NORTE,2160dfb0-5ae1-444f-b7f4-5793390c22a7
Esc-4_dos_averias_simultaneas,c1,4,QUEVEDO_CENTRO,15dbd36a-69c3-4d18-aafb-16aaa5fd3c7b
Esc-4_dos_averias_simultaneas,c1,4,QUEVEDO_CENTRO,0650c332-b1a3-4e7f-805c-a9134829eeca
Esc-4_dos_averias_simultaneas,c1,5,QUEVEDO_NORTE,937a0679-83c6-4cb8-8aff-f13b3e765e69
Esc-4_dos_averias_simultaneas,c1,5,QUEVEDO_NORTE,c947721c-fea2-4c02-a428-059427f9a1c6
Esc-4_dos_averias_simultaneas,c1,5,QUEVEDO_NORTE,ed481fd5-3ad7-4897-94a3-26f554a9e656
Esc-4_dos_averias_simultaneas,c1,5,QUEVEDO_CENTRO,539a07ff-0c5c-48a2-b659-29448812836a
Esc-4_dos_averias_simultaneas,c1,5,QUEVEDO_NORTE,3adece8c-4b17-46bd-9f27-e408b17ca1aa
Esc-4_dos_averias_simultaneas,c1,5,QUEVEDO_CENTRO,9ac352ae-61c9-42dc-8a63-30f0fce69d0b
Esc-4_dos_averias_simultaneas,c1,5,QUEVEDO_CENTRO,1115ebea-a43f-4e55-a4e2-78bea34c3ea3
Esc-4_dos_averias_simultaneas,c1,5,QUEVEDO_CENTRO,80a1c58e-971b-4ec6-bf4e-2c40c0634177
Esc-4_dos_averias_simultaneas,c1,5,QUEVEDO_CENTRO,c9299896-daff-4501-a46f-7ad642817f21
Esc-4_dos_averias_simultaneas,c1,5,QUEVEDO_NORTE,82fd6372-3d81-4aa7-8a55-2bbbae1a6ea4
Esc-4_dos_averias_simultaneas,c1,5,QUEVEDO_NORTE,3018543d-b12e-4b99-9cfe-10ff4a051e31
Esc-4_dos_averias_simultaneas,c1,5,QUEVEDO_CENTRO,eae5aa60-efcc-4ea5-93b5-1b7c5ff58235
Esc-4_dos_averias_simultaneas,c1,5,QUEVEDO_NORTE,38591e51-9e94-4d93-b14b-49190a14bd95
Esc-4_dos_averias_simultaneas,c1,5,QUEVEDO_CENTRO,83de224a-197c-4c09-a4a9-4e0b3b4e90c3
Esc-4_dos_averias_simultaneas,c1,5,QUEVEDO_NORTE,c8e74bfe-87ed-4be7-9776-a5284c8e7251
Esc-4_dos_averias_simultaneas,c1,5,QUEVEDO_CENTRO,09638ac4-1e32-4ad2-9ebb-30cba780d06f
Esc-4_dos_averias_simultaneas,c1,5,QUEVEDO_CENTRO,3c48fe3c-518d-442d-b5b2-bc199dce4db3
Esc-4_dos_averias_simultaneas,c1,5,QUEVEDO_NORTE,8f201aaa-e3ca-4cc9-afb9-3130d57584d6
Esc-4_dos_averias_simultaneas,c1,5,QUEVEDO_CENTRO,67c54623-130a-478a-a39f-4a47c641c774
Esc-4_dos_averias_simultaneas,c1,5,QUEVEDO_NORTE,8664f344-c7be-40fc-a35e-86ee8704400b
Esc-4_dos_averias_simultaneas,c1,5,QUEVEDO_NORTE,321dc4b5-a2d0-4d8b-b717-cb68adf6d33b
Esc-4_dos_averias_simultaneas,c1,5,QUEVEDO_CENTRO,6af8afc2-98fd-4bde-b5ab-310d20676d91
Esc-4_dos_averias_simultaneas,c1,5,QUEVEDO_CENTRO,dae5b12d-1c42-4516-8102-98530ad58547
Esc-4_dos_averias_simultaneas,c1,5,QUEVEDO_NORTE,dd7f349c-9b0f-4c99-bfc0-1c0e3591bc38
Esc-4_dos_averias_simultaneas,c1,5,QUEVEDO_CENTRO,a1c743ed-fee0-4df8-ba2a-f5490b0e3e8a
Esc-4_dos_averias_simultaneas,c1,5,QUEVEDO_NORTE,14eb0ee5-861a-4ad7-89c2-fe38a4f2201a
Esc-4_dos_averias_simultaneas,c1,5,QUEVEDO_NORTE,f1c35420-c874-4d01-a42a-7c76c0798cba
Esc-4_dos_averias_simultaneas,c1,5,QUEVEDO_CENTRO,9199a85c-3f73-47be-8cd3-f05eec3fdcc1
Esc-4_dos_averias_simultaneas,c1,5,QUEVEDO_CENTRO,6a96c9c2-fe3b-4cb2-904d-a97d543b78be
Esc-4_dos_averias_simultaneas,c1,5,QUEVEDO_NORTE,a8bfa9b7-704d-4adf-99f8-6be593e1b77b
Esc-4_dos_averias_simultaneas,c1,5,QUEVEDO_CENTRO,85d5cd14-c9b2-4cd5-b128-6fcf5f0dd57c
Esc-4_dos_averias_simultaneas,c1,5,QUEVEDO_CENTRO,ae9d83b8-f394-4f89-99bc-6186f8dcd200
Esc-4_dos_averias_simultaneas,c1,5,QUEVEDO_NORTE,72fb620c-4e13-443c-85e2-181ebed47b7e
Esc-4_dos_averias_simultaneas,c1,5,QUEVEDO_NORTE,194233c6-adc2-4d69-bb09-52a9e16ad400
Esc-4_dos_averias_simultaneas,c1,5,QUEVEDO_CENTRO,015cca0b-8922-4582-b88a-4f725ff3caf0
Esc-4_dos_averias_simultaneas,c1,5,QUEVEDO_NORTE,f7250c96-7a4c-4679-b2e8-7695a4c303cf
Esc-4_dos_averias_simultaneas,c1,5,QUEVEDO_NORTE,591f3340-97ee-4d5c-b1d6-8f0cea303a34
Esc-4_dos_averias_simultaneas,c1,5,QUEVEDO_CENTRO,fe2d2e24-d0a6-4b10-99c9-0c20a248eb43
Esc-4_dos_averias_simultaneas,c1,5,QUEVEDO_NORTE,7c5e8658-eb91-4f93-920e-c7c61dcc283c
Esc-4_dos_averias_simultaneas,c1,5,QUEVEDO_CENTRO,d2c008e0-8565-4776-9d63-3523ba75db09
Esc-2_averia_masiva,c2,1,QUEVEDO_CENTRO,a071207b-392c-48aa-90a2-3ed172ebd35e
Esc-2_averia_masiva,c2,1,QUEVEDO_CENTRO,6648c0c7-2497-4a29-bba5-b8105bf362fa
Esc-2_averia_masiva,c2,1,QUEVEDO_CENTRO,d2e9555b-7e48-4db3-8c70-5f281ec34460
Esc-2_averia_masiva,c2,1,QUEVEDO_CENTRO,d3e6f525-0eb6-44a2-b186-1cae5324682c
Esc-2_averia_masiva,c2,1,QUEVEDO_CENTRO,e762062c-538d-4d36-a45b-0b999bee0a6f
Esc-2_averia_masiva,c2,1,QUEVEDO_CENTRO,ecca747d-e073-4630-9eb9-e5a9139b72e0
Esc-2_averia_masiva,c2,1,QUEVEDO_CENTRO,9f4b63a1-9c79-410b-a207-76e804c4c5a9
Esc-2_averia_masiva,c2,1,QUEVEDO_CENTRO,2f8ed152-695a-4ab2-a1c3-d590b34b2897
Esc-2_averia_masiva,c2,1,QUEVEDO_CENTRO,f509f30d-28ff-41cd-99b0-8d17fb05cba5
Esc-2_averia_masiva,c2,1,QUEVEDO_CENTRO,8241000e-cd14-4cb0-a1fc-fc14d4dcf345
Esc-2_averia_masiva,c2,1,QUEVEDO_CENTRO,04e79316-790a-4d00-836d-96a08cd00d38
Esc-2_averia_masiva,c2,1,QUEVEDO_CENTRO,da271b75-bc6c-490b-b5e1-511d3c4a5e59
Esc-2_averia_masiva,c2,1,QUEVEDO_CENTRO,934e7b24-0415-4f7f-bed4-607a1ba06cd3
Esc-2_averia_masiva,c2,1,QUEVEDO_CENTRO,2dd2f1fb-a72d-444f-b5e3-5956bccca23e
Esc-2_averia_masiva,c2,1,QUEVEDO_CENTRO,a69e2634-29d8-4e42-bf5a-017d2b1fb958
Esc-2_averia_masiva,c2,1,QUEVEDO_CENTRO,d53ce773-83d1-4c3c-96da-1cf4df7eac06
Esc-2_averia_masiva,c2,1,QUEVEDO_CENTRO,98ab8410-6fcc-4677-9926-0d18ec195e8c
Esc-2_averia_masiva,c2,1,QUEVEDO_CENTRO,1d6a606a-2b10-43e2-803c-ba2c8eac3d49
Esc-2_averia_masiva,c2,1,QUEVEDO_CENTRO,7573e46a-0842-45b2-b15d-3ced6a3af97c
Esc-2_averia_masiva,c2,1,QUEVEDO_CENTRO,be220bb3-81b8-407a-8f59-4b6710071b65
Esc-2_averia_masiva,c2,2,QUEVEDO_CENTRO,daade1e6-c7df-4f26-98e6-190bec8e9470
Esc-2_averia_masiva,c2,2,QUEVEDO_CENTRO,36528474-e8d1-4df4-8361-5e47777ec7ca
Esc-2_averia_masiva,c2,2,QUEVEDO_CENTRO,f9eedf99-463c-4e2c-9ae3-aa4775392841
Esc-2_averia_masiva,c2,2,QUEVEDO_CENTRO,d8f43687-879b-4e02-94d6-1dcbb1bb999f
Esc-2_averia_masiva,c2,2,QUEVEDO_CENTRO,96fd9807-c081-4231-b28a-d989d30c681a
Esc-2_averia_masiva,c2,2,QUEVEDO_CENTRO,03562f2a-ca35-4d37-8eac-86fd441c0149
Esc-2_averia_masiva,c2,2,QUEVEDO_CENTRO,f50c27fd-1e36-4ea1-8b61-0c87800e4e5c
Esc-2_averia_masiva,c2,2,QUEVEDO_CENTRO,5dc85ff3-8b0d-4464-840c-840a144962a6
Esc-2_averia_masiva,c2,2,QUEVEDO_CENTRO,acd13ecd-00c3-4dfc-adbd-5b65cc30ba26
Esc-2_averia_masiva,c2,2,QUEVEDO_CENTRO,8aa0d891-b17e-4502-a5f0-e0e89a45f43c
Esc-2_averia_masiva,c2,2,QUEVEDO_CENTRO,0d7fb7c2-b5ec-42c8-aa9b-d0a587ecefb3
Esc-2_averia_masiva,c2,2,QUEVEDO_CENTRO,4ba31658-13d2-44fa-ba76-91970ee3ed26
Esc-2_averia_masiva,c2,2,QUEVEDO_CENTRO,7c7b8c27-7563-4861-9a64-53b0853947a5
Esc-2_averia_masiva,c2,2,QUEVEDO_CENTRO,81fca9e5-f444-4afc-863e-c2f0a77e167b
Esc-2_averia_masiva,c2,2,QUEVEDO_CENTRO,0d2c2485-2500-4e32-8862-500b2ba37666
Esc-2_averia_masiva,c2,2,QUEVEDO_CENTRO,770dd28e-1a02-4d70-a905-379bf50c7079
Esc-2_averia_masiva,c2,2,QUEVEDO_CENTRO,8fbeb399-7035-453d-8abd-e48f2e2fb91d
Esc-2_averia_masiva,c2,2,QUEVEDO_CENTRO,feb58ddc-4799-4ee7-9b0a-e71eb5dca8f9
Esc-2_averia_masiva,c2,2,QUEVEDO_CENTRO,951f79da-2fcf-49d3-9bb5-5f2a2d2c7120
Esc-2_averia_masiva,c2,2,QUEVEDO_CENTRO,399f983f-a7bd-4734-918e-d00cfc66edfd
Esc-2_averia_masiva,c2,3,QUEVEDO_CENTRO,7bb65fb9-96d5-48bd-8b96-84ff5d87d572
Esc-2_averia_masiva,c2,3,QUEVEDO_CENTRO,f2218720-8411-4a38-b174-ee9a5cf9ed5b
Esc-2_averia_masiva,c2,3,QUEVEDO_CENTRO,fa80cd61-80dd-4ad3-b4d4-43940a182d1d
Esc-2_averia_masiva,c2,3,QUEVEDO_CENTRO,d13df91b-5810-42c9-b130-012d020ae74a
Esc-2_averia_masiva,c2,3,QUEVEDO_CENTRO,23d3bd0e-e607-4104-a597-dd043e01f152
Esc-2_averia_masiva,c2,3,QUEVEDO_CENTRO,a193fb23-d7c8-40c0-97ef-c2b060b1bf9f
Esc-2_averia_masiva,c2,3,QUEVEDO_CENTRO,8e8fc730-71ec-4545-b745-0cc18acfcf86
Esc-2_averia_masiva,c2,3,QUEVEDO_CENTRO,d7a99671-6a8e-46f3-abc3-910f339fecb2
Esc-2_averia_masiva,c2,3,QUEVEDO_CENTRO,35599bad-1cfe-4f32-86a3-bae7072ec153
Esc-2_averia_masiva,c2,3,QUEVEDO_CENTRO,4e76398b-65d0-426a-ade7-c4a71793cfd5
Esc-2_averia_masiva,c2,3,QUEVEDO_CENTRO,6a9d9220-4b54-413b-8ad9-952044ef8905
Esc-2_averia_masiva,c2,3,QUEVEDO_CENTRO,82b83a69-ba22-4b0a-9650-4dd1a2da4a05
Esc-2_averia_masiva,c2,3,QUEVEDO_CENTRO,a3f37870-8dff-4459-9259-ba9c7b81be82
Esc-2_averia_masiva,c2,3,QUEVEDO_CENTRO,2a95f37e-3726-4290-b657-8ba3f6cdab1d
Esc-2_averia_masiva,c2,3,QUEVEDO_CENTRO,326a4e62-0a0c-4fe7-bd81-81a064b5778c
Esc-2_averia_masiva,c2,3,QUEVEDO_CENTRO,a6a3762a-8b67-4d26-81cd-380447e918aa
Esc-2_averia_masiva,c2,3,QUEVEDO_CENTRO,bd63949a-241d-42b9-af74-a8568c69ad62
Esc-2_averia_masiva,c2,3,QUEVEDO_CENTRO,7f1e734b-049d-4bf3-b344-cebf96dfd670
Esc-2_averia_masiva,c2,3,QUEVEDO_CENTRO,9966c563-570a-41dc-8ec9-9beba3874e66
Esc-2_averia_masiva,c2,3,QUEVEDO_CENTRO,f7d8340e-5a6d-4885-851c-ba53582c4e78
Esc-2_averia_masiva,c2,4,QUEVEDO_CENTRO,d26bdacd-a6c1-4a56-a3a6-bd052291f1de
Esc-2_averia_masiva,c2,4,QUEVEDO_CENTRO,952d2404-626a-49f1-ba16-6ada013498fd
Esc-2_averia_masiva,c2,4,QUEVEDO_CENTRO,320664c1-0701-47b9-9b19-0f214f1b4d90
Esc-2_averia_masiva,c2,4,QUEVEDO_CENTRO,f2af4aa4-35ea-48e8-bb7d-c29251caf64c
Esc-2_averia_masiva,c2,4,QUEVEDO_CENTRO,647fe7b8-6978-4da7-b9a5-d87323c0800e
Esc-2_averia_masiva,c2,4,QUEVEDO_CENTRO,51d42068-6010-4484-b7c6-4debf9f34702
Esc-2_averia_masiva,c2,4,QUEVEDO_CENTRO,f0034b57-9593-4773-8e9b-f3b6e6836760
Esc-2_averia_masiva,c2,4,QUEVEDO_CENTRO,45c66e01-858a-419e-bccc-11139f3c34f9
Esc-2_averia_masiva,c2,4,QUEVEDO_CENTRO,b4dfca5b-bf60-4b13-b120-f00874da6e92
Esc-2_averia_masiva,c2,4,QUEVEDO_CENTRO,0083f82e-dd45-462f-85ce-ebb9bd7fe66e
Esc-2_averia_masiva,c2,4,QUEVEDO_CENTRO,a30d4a6a-0b15-49dc-b8a8-6b666ef11ccb
Esc-2_averia_masiva,c2,4,QUEVEDO_CENTRO,9b0c14f7-733d-4004-9622-af3608af4315
Esc-2_averia_masiva,c2,4,QUEVEDO_CENTRO,72940fce-25b0-488a-b940-250f406d1324
Esc-2_averia_masiva,c2,4,QUEVEDO_CENTRO,9c650dc5-1e5f-4357-9e6a-6e8d1160d15f
Esc-2_averia_masiva,c2,4,QUEVEDO_CENTRO,ba98c146-a9b6-42d7-9f3b-3b399df98b76
Esc-2_averia_masiva,c2,4,QUEVEDO_CENTRO,6457112e-9924-4fcb-8c1f-da775b364efd
Esc-2_averia_masiva,c2,4,QUEVEDO_CENTRO,c417fcfe-0680-403c-91f5-44023ca90bb7
Esc-2_averia_masiva,c2,4,QUEVEDO_CENTRO,4996d3bd-6b1e-4dc3-ab79-137e38c7b5c6
Esc-2_averia_masiva,c2,4,QUEVEDO_CENTRO,bb331f39-b37d-4aaf-9dba-8fac70d6de07
Esc-2_averia_masiva,c2,4,QUEVEDO_CENTRO,4c963e32-32ee-44c0-b976-6c45e3fb0576
Esc-2_averia_masiva,c2,5,QUEVEDO_CENTRO,d9fa5d1b-5bfe-410a-9d15-8f8538afe528
Esc-2_averia_masiva,c2,5,QUEVEDO_CENTRO,0057048e-5a31-458e-8193-57ab579167c9
Esc-2_averia_masiva,c2,5,QUEVEDO_CENTRO,166c0767-abb5-4e6b-825a-7e088a525835
Esc-2_averia_masiva,c2,5,QUEVEDO_CENTRO,0c4a0468-21dc-46e3-8a67-8012e1059623
Esc-2_averia_masiva,c2,5,QUEVEDO_CENTRO,3fa2ed68-ae1a-403d-aae5-b3456de4ec50
Esc-2_averia_masiva,c2,5,QUEVEDO_CENTRO,993ac297-f8f1-4e5b-9b8f-f0326f75b887
Esc-2_averia_masiva,c2,5,QUEVEDO_CENTRO,4611d4ab-5bfc-41d2-9943-9eaa25a148d4
Esc-2_averia_masiva,c2,5,QUEVEDO_CENTRO,55f2a368-2dee-4519-85cc-9fde7d8845fa
Esc-2_averia_masiva,c2,5,QUEVEDO_CENTRO,9247e26b-d7a9-4d69-8bb7-5d9ab508dc3c
Esc-2_averia_masiva,c2,5,QUEVEDO_CENTRO,a88f2c49-cb08-44f8-9d8a-a66b37b53eb2
Esc-2_averia_masiva,c2,5,QUEVEDO_CENTRO,40d0baf7-09d4-4e5c-80ac-63ac48531e28
Esc-2_averia_masiva,c2,5,QUEVEDO_CENTRO,1d87ec4c-147c-4e1b-905c-16efabde3a21
Esc-2_averia_masiva,c2,5,QUEVEDO_CENTRO,5c094da4-858c-4b2d-ab41-69876b740562
Esc-2_averia_masiva,c2,5,QUEVEDO_CENTRO,6fab6f0b-cc51-4c0c-bcc7-3080e224ccfc
Esc-2_averia_masiva,c2,5,QUEVEDO_CENTRO,4fdd6e78-03ba-4934-9ff4-5c779c6455d6
Esc-2_averia_masiva,c2,5,QUEVEDO_CENTRO,78c3997f-0860-468a-9366-7acf38f78732
Esc-2_averia_masiva,c2,5,QUEVEDO_CENTRO,54423c12-6944-4145-99e6-0e0d9429bc99
Esc-2_averia_masiva,c2,5,QUEVEDO_CENTRO,29258e7c-dda7-4e93-92d5-f4b04991ed39
Esc-2_averia_masiva,c2,5,QUEVEDO_CENTRO,990001eb-4eef-4933-8b16-30e24e464524
Esc-2_averia_masiva,c2,5,QUEVEDO_CENTRO,0229fc7c-5cac-4ca5-be12-f16981e00753
Esc-3_averia_mayor,c2,1,QUEVEDO_CENTRO,7326bc0d-2726-450a-9cfc-1306506892ef
Esc-3_averia_mayor,c2,1,QUEVEDO_CENTRO,00d6fdbb-5bbf-455d-a2f1-4e81ec8744c5
Esc-3_averia_mayor,c2,1,QUEVEDO_CENTRO,b13f9f15-b999-4229-9c31-554fa8af8024
Esc-3_averia_mayor,c2,1,QUEVEDO_CENTRO,9530bb45-168c-42e5-8bba-e74b0eb5175a
Esc-3_averia_mayor,c2,1,QUEVEDO_CENTRO,982cd53e-ef7d-4d6f-b987-9bf1b8591487
Esc-3_averia_mayor,c2,1,QUEVEDO_CENTRO,7f36cdac-5a43-4ca5-9f41-a2b290c173d9
Esc-3_averia_mayor,c2,1,QUEVEDO_CENTRO,63073567-2b17-425e-810e-c0008dc2b665
Esc-3_averia_mayor,c2,1,QUEVEDO_CENTRO,d68aa945-4962-44ae-866a-91481945ba2a
Esc-3_averia_mayor,c2,1,QUEVEDO_CENTRO,99bc1ba3-10b9-459b-a4d6-8d7482703f13
Esc-3_averia_mayor,c2,1,QUEVEDO_CENTRO,9351f742-f6ce-4593-84c6-47d8897abdc9
Esc-3_averia_mayor,c2,1,QUEVEDO_CENTRO,55d793d8-aeb8-4494-99f7-393b2c72363e
Esc-3_averia_mayor,c2,1,QUEVEDO_CENTRO,56e6d5a0-4f86-4a66-898e-21e8bab64bbd
Esc-3_averia_mayor,c2,1,QUEVEDO_CENTRO,80c12c8a-8c53-4591-a4e8-cf14625d2157
Esc-3_averia_mayor,c2,1,QUEVEDO_CENTRO,ba5e5c81-61fc-4f14-8eb4-8c952fe40242
Esc-3_averia_mayor,c2,1,QUEVEDO_CENTRO,1f4bb8ed-213d-47c7-b74e-0ae21c44db42
Esc-3_averia_mayor,c2,1,QUEVEDO_CENTRO,9e947274-937e-4477-ba8c-7049dfeb2cd3
Esc-3_averia_mayor,c2,1,QUEVEDO_CENTRO,9912ac0a-2fc8-4fee-b33c-06e5d7ad586e
Esc-3_averia_mayor,c2,1,QUEVEDO_CENTRO,ac44116a-e721-4aa0-bdce-0f4b524f5b2a
Esc-3_averia_mayor,c2,1,QUEVEDO_CENTRO,3471e08a-b96f-4066-9ef0-9228925d8114
Esc-3_averia_mayor,c2,1,QUEVEDO_CENTRO,e47bfa72-3864-4df1-8c8e-1fe988c39991
Esc-3_averia_mayor,c2,1,QUEVEDO_CENTRO,747a7359-9051-4097-9674-a226cd190d70
Esc-3_averia_mayor,c2,1,QUEVEDO_CENTRO,ed17acb0-0cde-469d-a565-1e2450ef6688
Esc-3_averia_mayor,c2,1,QUEVEDO_CENTRO,54f765a5-af3a-4971-bb06-77f7647b8ce0
Esc-3_averia_mayor,c2,1,QUEVEDO_CENTRO,638984ca-f58b-4ee4-9152-6065615ac16d
Esc-3_averia_mayor,c2,1,QUEVEDO_CENTRO,278bab9a-b206-4d8b-a27d-fc47b87233c0
Esc-3_averia_mayor,c2,1,QUEVEDO_CENTRO,0b3448e3-2d40-47ae-9c10-5c4df1ac8b9c
Esc-3_averia_mayor,c2,1,QUEVEDO_CENTRO,d2c079ea-6e51-4493-8b7e-83071007c61d
Esc-3_averia_mayor,c2,1,QUEVEDO_CENTRO,295900b6-2073-4747-a849-da14917cd200
Esc-3_averia_mayor,c2,1,QUEVEDO_CENTRO,b16ec5ab-1702-4eb0-894d-4397ed96869e
Esc-3_averia_mayor,c2,1,QUEVEDO_CENTRO,604dbdab-9fd0-40d4-85c7-48965b791efc
Esc-3_averia_mayor,c2,1,QUEVEDO_CENTRO,f2a9f36f-3c25-4d9f-9677-56cf4b700d96
Esc-3_averia_mayor,c2,1,QUEVEDO_CENTRO,5dda5b1c-e96f-41af-97ef-7d4999480ca9
Esc-3_averia_mayor,c2,1,QUEVEDO_CENTRO,2e210ffc-e361-44a5-8a05-c70bed21d503
Esc-3_averia_mayor,c2,1,QUEVEDO_CENTRO,f8b84d25-c408-4796-86d8-285c6d50d504
Esc-3_averia_mayor,c2,1,QUEVEDO_CENTRO,6e96a9af-7d53-41fd-a0d5-3249b392b1d0
Esc-3_averia_mayor,c2,1,QUEVEDO_CENTRO,2857a0e1-a383-403e-978a-f4fd48181a4b
Esc-3_averia_mayor,c2,1,QUEVEDO_CENTRO,be3a42e1-081d-48e5-a127-cbc5eb094e53
Esc-3_averia_mayor,c2,1,QUEVEDO_CENTRO,0a50d9bf-b4fc-4e39-89c6-7b8d051674e6
Esc-3_averia_mayor,c2,1,QUEVEDO_CENTRO,470b181d-3751-44c9-acf2-0d1496ea278d
Esc-3_averia_mayor,c2,1,QUEVEDO_CENTRO,ad90bc99-2c1c-44a9-9c50-7ed5d457a1c8
Esc-3_averia_mayor,c2,1,QUEVEDO_CENTRO,e309f92d-1c4b-4e16-8d72-5ff4ac5ee488
Esc-3_averia_mayor,c2,1,QUEVEDO_CENTRO,9bb69fbc-fadb-41fc-ba5c-e2abca4c1473
Esc-3_averia_mayor,c2,1,QUEVEDO_CENTRO,c1d4f794-2816-4f02-9259-4d33f267b730
Esc-3_averia_mayor,c2,1,QUEVEDO_CENTRO,fc171c9a-34fd-4d65-9f2a-86de3aa7f6c4
Esc-3_averia_mayor,c2,1,QUEVEDO_CENTRO,b63f98d1-14e1-42ea-aa35-50362047d899
Esc-3_averia_mayor,c2,1,QUEVEDO_CENTRO,7832482e-033d-41d6-87c4-91abc571acc3
Esc-3_averia_mayor,c2,1,QUEVEDO_CENTRO,95459834-489a-4095-b312-c7cdfb0b6470
Esc-3_averia_mayor,c2,1,QUEVEDO_CENTRO,22083580-8306-498f-adf4-04158c4d0335
Esc-3_averia_mayor,c2,1,QUEVEDO_CENTRO,8cc569dc-ad36-4258-92e6-d077c1feeacc
Esc-3_averia_mayor,c2,1,QUEVEDO_CENTRO,751cd080-666b-4517-87ab-29e65c1da2b9
Esc-3_averia_mayor,c2,1,QUEVEDO_CENTRO,10e06637-f61b-49ef-8ec2-e1a93373aab9
Esc-3_averia_mayor,c2,1,QUEVEDO_CENTRO,128f7f18-0d97-45b9-b624-720bac7aab8a
Esc-3_averia_mayor,c2,1,QUEVEDO_CENTRO,611b3916-9fa6-4d1d-8108-7c4ee3221ddb
Esc-3_averia_mayor,c2,1,QUEVEDO_CENTRO,344c73bb-d4dd-410f-91ea-32f676dcbe9c
Esc-3_averia_mayor,c2,1,QUEVEDO_CENTRO,8629cbee-8730-4c05-8c9a-93a35326d64c
Esc-3_averia_mayor,c2,1,QUEVEDO_CENTRO,9908b134-0cd4-4aac-af1b-d0e7ccaf2ed3
Esc-3_averia_mayor,c2,1,QUEVEDO_CENTRO,67e9fa09-efcd-49fd-acd8-b82ac36eadee
Esc-3_averia_mayor,c2,1,QUEVEDO_CENTRO,a0f9f6c5-320c-4826-8e4e-9be015cfd079
Esc-3_averia_mayor,c2,1,QUEVEDO_CENTRO,bf3c65b9-d683-4c33-b7d1-33727d4b46ba
Esc-3_averia_mayor,c2,1,QUEVEDO_CENTRO,7845bf65-707a-422c-b2ce-8140455915d3
Esc-3_averia_mayor,c2,2,QUEVEDO_CENTRO,dd60362d-901b-41ff-a73a-523c07ccfd98
Esc-3_averia_mayor,c2,2,QUEVEDO_CENTRO,cf00259d-7a13-452d-9fd6-fb1828416016
Esc-3_averia_mayor,c2,2,QUEVEDO_CENTRO,9bb4b144-bdda-47bf-b4b1-5498a3315e23
Esc-3_averia_mayor,c2,2,QUEVEDO_CENTRO,2d4ad225-36fe-4cd5-a527-5ec7558bdac3
Esc-3_averia_mayor,c2,2,QUEVEDO_CENTRO,70fffcf6-8f4b-43c7-9cb8-c533115a484d
Esc-3_averia_mayor,c2,2,QUEVEDO_CENTRO,15407ab2-f545-4123-93eb-dd34aab23a18
Esc-3_averia_mayor,c2,2,QUEVEDO_CENTRO,e5274f74-5e67-48b3-af9e-06a9e96bea20
Esc-3_averia_mayor,c2,2,QUEVEDO_CENTRO,da18809d-ae38-472a-9de6-7d4cd7c90b1e
Esc-3_averia_mayor,c2,2,QUEVEDO_CENTRO,ca233622-1596-4889-8b7f-d41cb2cc3db6
Esc-3_averia_mayor,c2,2,QUEVEDO_CENTRO,3386855a-44a7-414b-8c58-95b7d71c329d
Esc-3_averia_mayor,c2,2,QUEVEDO_CENTRO,2774d724-38b4-4eb2-8fbf-3e6958947a52
Esc-3_averia_mayor,c2,2,QUEVEDO_CENTRO,3b651a73-000d-454e-a55c-13f97e356748
Esc-3_averia_mayor,c2,2,QUEVEDO_CENTRO,3b8b432e-15a9-4c67-a67e-a01f8d0268af
Esc-3_averia_mayor,c2,2,QUEVEDO_CENTRO,22571d0b-424c-4cfd-9c6e-a6584e52ff96
Esc-3_averia_mayor,c2,2,QUEVEDO_CENTRO,2642f608-2525-4046-ac38-70b7ab21a8f9
Esc-3_averia_mayor,c2,2,QUEVEDO_CENTRO,57e8cc6f-546b-4a7a-94bd-d5634399626e
Esc-3_averia_mayor,c2,2,QUEVEDO_CENTRO,446e5404-e458-4eca-8ec5-bc79680507ef
Esc-3_averia_mayor,c2,2,QUEVEDO_CENTRO,a0bf8911-4425-40c7-aa3e-2c9b3247f89e
Esc-3_averia_mayor,c2,2,QUEVEDO_CENTRO,c2b1da57-b410-4023-b567-b2f06f42a7ee
Esc-3_averia_mayor,c2,2,QUEVEDO_CENTRO,7cf1e393-cdfa-4a12-8ed1-8a7486dc8620
Esc-3_averia_mayor,c2,2,QUEVEDO_CENTRO,433768ef-2a31-4b1e-8651-9848bf8f75bb
Esc-3_averia_mayor,c2,2,QUEVEDO_CENTRO,fdcdd9a6-df7f-428c-a3b0-b1a1544deb95
Esc-3_averia_mayor,c2,2,QUEVEDO_CENTRO,aa0f6921-7f9f-4f5c-98fb-e4036519c744
Esc-3_averia_mayor,c2,2,QUEVEDO_CENTRO,8b31afc1-dda6-4e1e-b1b6-899b87fbe4b5
Esc-3_averia_mayor,c2,2,QUEVEDO_CENTRO,fac17eb0-8854-4080-b0de-5f61f6c72529
Esc-3_averia_mayor,c2,2,QUEVEDO_CENTRO,0c8c2a17-c313-4e50-a641-1488567dc372
Esc-3_averia_mayor,c2,2,QUEVEDO_CENTRO,683f44a8-b9be-484d-b0c2-096709f5bceb
Esc-3_averia_mayor,c2,2,QUEVEDO_CENTRO,92e6d21e-5f29-417e-99d2-36ba847c19b5
Esc-3_averia_mayor,c2,2,QUEVEDO_CENTRO,c26c46f3-f679-438f-b7ae-c0cfd471eb6f
Esc-3_averia_mayor,c2,2,QUEVEDO_CENTRO,8f958b43-ccda-40c6-93bd-d11476a09bb1
Esc-3_averia_mayor,c2,2,QUEVEDO_CENTRO,55a32aae-5f2e-4546-8ad4-dc58a2c78674
Esc-3_averia_mayor,c2,2,QUEVEDO_CENTRO,9b908412-f437-4df1-9a4f-66ccca894811
Esc-3_averia_mayor,c2,2,QUEVEDO_CENTRO,fb7a4bb1-6012-419a-b2dd-cce1addef51a
Esc-3_averia_mayor,c2,2,QUEVEDO_CENTRO,9c97854d-843f-4030-90a9-2feccdcbae0a
Esc-3_averia_mayor,c2,2,QUEVEDO_CENTRO,ab40b9d0-795b-408a-a2eb-0e95e3fb8fb0
Esc-3_averia_mayor,c2,2,QUEVEDO_CENTRO,b2d57c45-2559-4ab0-b3ea-05fe567cbd50
Esc-3_averia_mayor,c2,2,QUEVEDO_CENTRO,ca50f48d-63f5-4998-a546-2194f767e42e
Esc-3_averia_mayor,c2,2,QUEVEDO_CENTRO,6ce90c4b-c719-40ac-b403-b0581a8373a5
Esc-3_averia_mayor,c2,2,QUEVEDO_CENTRO,a07368b0-3cda-43d0-85a9-4f2157e94ebe
Esc-3_averia_mayor,c2,2,QUEVEDO_CENTRO,cc0c1ad5-bb70-4b7d-8269-e4f6f18dc063
Esc-3_averia_mayor,c2,2,QUEVEDO_CENTRO,0ab4dbd5-2784-4c9f-9216-355fa6458436
Esc-3_averia_mayor,c2,2,QUEVEDO_CENTRO,04697e01-0d04-49a8-b6f7-df3e302f1bce
Esc-3_averia_mayor,c2,2,QUEVEDO_CENTRO,95a56187-f99f-4ce8-a7d1-2482226e6543
Esc-3_averia_mayor,c2,2,QUEVEDO_CENTRO,f83e4f81-b56d-4625-b771-16fb25b554a9
Esc-3_averia_mayor,c2,2,QUEVEDO_CENTRO,7e7b20bd-6a88-4662-8bb1-f1c5f3b01704
Esc-3_averia_mayor,c2,2,QUEVEDO_CENTRO,045592f8-0158-4bac-a28c-9c16ea3891d0
Esc-3_averia_mayor,c2,2,QUEVEDO_CENTRO,55e4682d-b012-4c42-88a1-b3002289ece2
Esc-3_averia_mayor,c2,2,QUEVEDO_CENTRO,7eb77610-655a-447b-9848-a01f1c57e0b9
Esc-3_averia_mayor,c2,2,QUEVEDO_CENTRO,0af52509-5e62-415c-9b9f-a52f6746b327
Esc-3_averia_mayor,c2,2,QUEVEDO_CENTRO,d37b0fc0-07b1-4978-846f-46a7057d6fe0
Esc-3_averia_mayor,c2,2,QUEVEDO_CENTRO,e94a3b82-571d-44e3-abe2-60c9d1875c2b
Esc-3_averia_mayor,c2,2,QUEVEDO_CENTRO,b0194d94-a42c-461c-88da-b71f08a7ea7b
Esc-3_averia_mayor,c2,2,QUEVEDO_CENTRO,e4a0d775-1961-40e9-8962-3315d74306f1
Esc-3_averia_mayor,c2,2,QUEVEDO_CENTRO,e3d41ebf-0b08-40be-82d0-5dac3586e79a
Esc-3_averia_mayor,c2,2,QUEVEDO_CENTRO,253e9943-1176-485b-b12e-7884538a5a7b
Esc-3_averia_mayor,c2,2,QUEVEDO_CENTRO,0ba78a9e-82b4-440c-8e7c-cfdcf96a0075
Esc-3_averia_mayor,c2,2,QUEVEDO_CENTRO,e3e41dfc-1c04-43ba-a9f0-e1cd97b2bc83
Esc-3_averia_mayor,c2,2,QUEVEDO_CENTRO,53103e03-28d1-4ac1-849d-8a2a38d1a0b6
Esc-3_averia_mayor,c2,2,QUEVEDO_CENTRO,4abf5908-822f-42f0-96aa-87315f8644d6
Esc-3_averia_mayor,c2,2,QUEVEDO_CENTRO,63461d82-f33b-4ab7-9f73-a82b2ab21eb7
Esc-3_averia_mayor,c2,3,QUEVEDO_CENTRO,b19f4c5e-d72f-4541-a4cb-73440eb68e7f
Esc-3_averia_mayor,c2,3,QUEVEDO_CENTRO,455cf273-d68c-4ebf-8922-dd55e7eb3479
Esc-3_averia_mayor,c2,3,QUEVEDO_CENTRO,a91cfa11-85ce-402f-b4bb-87ac9a362c6c
Esc-3_averia_mayor,c2,3,QUEVEDO_CENTRO,3e45e4ce-a63e-4c03-9860-35e8ddc10174
Esc-3_averia_mayor,c2,3,QUEVEDO_CENTRO,480978a0-1f7b-49f7-bcca-e4fdab686a9a
Esc-3_averia_mayor,c2,3,QUEVEDO_CENTRO,b443d2cd-fe23-4cea-b488-9b008cc6c01c
Esc-3_averia_mayor,c2,3,QUEVEDO_CENTRO,7cd69054-0fba-44f6-8064-9e681ef2202b
Esc-3_averia_mayor,c2,3,QUEVEDO_CENTRO,5a9ee23c-6c10-4bde-a9da-1167345a1d17
Esc-3_averia_mayor,c2,3,QUEVEDO_CENTRO,c0f2e6a7-f667-4302-ba58-6557b933ff74
Esc-3_averia_mayor,c2,3,QUEVEDO_CENTRO,d0c14b1f-07af-4ed6-8834-f6c7979b732a
Esc-3_averia_mayor,c2,3,QUEVEDO_CENTRO,c3d4387c-772e-47fa-bc26-c0473f6329f6
Esc-3_averia_mayor,c2,3,QUEVEDO_CENTRO,faccafa2-00af-4b8d-9483-ccdd95b7bcc1
Esc-3_averia_mayor,c2,3,QUEVEDO_CENTRO,73c6689e-d8b5-464b-9748-c8973f421cd4
Esc-3_averia_mayor,c2,3,QUEVEDO_CENTRO,e6981129-fc34-4151-a807-0c94e332ecfc
Esc-3_averia_mayor,c2,3,QUEVEDO_CENTRO,bea7b855-3f1a-4d5c-adf6-609c2f4f4d09
Esc-3_averia_mayor,c2,3,QUEVEDO_CENTRO,48ef48c5-787a-48fb-ab49-3d7d7c2c1e46
Esc-3_averia_mayor,c2,3,QUEVEDO_CENTRO,f995c4b9-1905-4c02-9db1-e7080f848ef6
Esc-3_averia_mayor,c2,3,QUEVEDO_CENTRO,69d19ce8-a88f-43ae-8ce2-7eb3d3cabf7a
Esc-3_averia_mayor,c2,3,QUEVEDO_CENTRO,66d3e1d2-6f39-4957-8311-0be647039b41
Esc-3_averia_mayor,c2,3,QUEVEDO_CENTRO,a22259c3-050e-4011-862e-36e92043e122
Esc-3_averia_mayor,c2,3,QUEVEDO_CENTRO,adbceba3-6cc8-47c6-9ace-715daef5b0d0
Esc-3_averia_mayor,c2,3,QUEVEDO_CENTRO,f38730b3-81d1-49b9-8dba-6bc1fe17bc9b
Esc-3_averia_mayor,c2,3,QUEVEDO_CENTRO,d0a007e8-d742-4d3d-a868-b94bf7eecfc4
Esc-3_averia_mayor,c2,3,QUEVEDO_CENTRO,3932cdfc-3509-4958-a3ee-43ede403891a
Esc-3_averia_mayor,c2,3,QUEVEDO_CENTRO,24ec8b6e-a513-4456-8c8e-31db0d85db40
Esc-3_averia_mayor,c2,3,QUEVEDO_CENTRO,0dece2de-138a-46a9-b8f8-ffeb4252e6be
Esc-3_averia_mayor,c2,3,QUEVEDO_CENTRO,f7b18ae6-8de4-4454-8d70-f00fac4e5700
Esc-3_averia_mayor,c2,3,QUEVEDO_CENTRO,ff098f4a-4b31-4cf5-9aab-c4034471483c
Esc-3_averia_mayor,c2,3,QUEVEDO_CENTRO,6e39971b-5bc8-4cbd-986b-954a5f753aa9
Esc-3_averia_mayor,c2,3,QUEVEDO_CENTRO,cfe1e245-75be-44df-86eb-e3c7394b4914
Esc-3_averia_mayor,c2,3,QUEVEDO_CENTRO,c479b739-e830-498f-9292-8d9ef4bd6983
Esc-3_averia_mayor,c2,3,QUEVEDO_CENTRO,f7ec31c9-6422-49ad-9ff0-0b956e8a11bc
Esc-3_averia_mayor,c2,3,QUEVEDO_CENTRO,758154de-a245-498c-87b0-8aead3bedc6d
Esc-3_averia_mayor,c2,3,QUEVEDO_CENTRO,b1c92bde-83a9-4481-91b8-f7a84926d8f9
Esc-3_averia_mayor,c2,3,QUEVEDO_CENTRO,9133d285-c913-4c65-9c03-b1d658e58fcd
Esc-3_averia_mayor,c2,3,QUEVEDO_CENTRO,8ac5740b-7c17-4a36-aa29-c9718ccef866
Esc-3_averia_mayor,c2,3,QUEVEDO_CENTRO,57b65180-dcef-4a4b-9913-54448a47455b
Esc-3_averia_mayor,c2,3,QUEVEDO_CENTRO,ca1f1875-ed66-41e0-838d-950fa49ed962
Esc-3_averia_mayor,c2,3,QUEVEDO_CENTRO,09c864e8-a8ba-4b5c-87e4-750d47e6b227
Esc-3_averia_mayor,c2,3,QUEVEDO_CENTRO,2675d8ea-f17b-4b29-a8f0-36f0062ee88a
Esc-3_averia_mayor,c2,3,QUEVEDO_CENTRO,91758230-3783-4548-9ed6-b97f94099566
Esc-3_averia_mayor,c2,3,QUEVEDO_CENTRO,2b468e09-7ed4-4ff9-873d-ef43148716c4
Esc-3_averia_mayor,c2,3,QUEVEDO_CENTRO,20f5bea8-64d2-409e-907d-87f6d6b33687
Esc-3_averia_mayor,c2,3,QUEVEDO_CENTRO,785bc086-adf6-45a5-ab4d-a80fc5223efc
Esc-3_averia_mayor,c2,3,QUEVEDO_CENTRO,c078ca23-48a8-42de-b638-8e2057e8ca51
Esc-3_averia_mayor,c2,3,QUEVEDO_CENTRO,5f1147c4-16a4-45ba-869a-5dfeac815faf
Esc-3_averia_mayor,c2,3,QUEVEDO_CENTRO,99893cb2-90ba-4919-825a-095823dfb54a
Esc-3_averia_mayor,c2,3,QUEVEDO_CENTRO,960c2b27-4e1d-46ea-881a-d95e853e3399
Esc-3_averia_mayor,c2,3,QUEVEDO_CENTRO,5455b5aa-9de0-49a7-85b9-a71ee03289c9
Esc-3_averia_mayor,c2,3,QUEVEDO_CENTRO,4ccbc28b-d132-48fb-8bc9-bc17bcadde95
Esc-3_averia_mayor,c2,3,QUEVEDO_CENTRO,67882c58-5577-44b8-8e89-4a6a7003b9ae
Esc-3_averia_mayor,c2,3,QUEVEDO_CENTRO,82e54bf3-ffbe-44f1-958d-6cf31a15ec26
Esc-3_averia_mayor,c2,3,QUEVEDO_CENTRO,a3af55c1-d04c-4e0f-b0aa-4c52be51c652
Esc-3_averia_mayor,c2,3,QUEVEDO_CENTRO,bcd9edaf-5b21-452b-a11e-45a26d7b2137
Esc-3_averia_mayor,c2,3,QUEVEDO_CENTRO,4c4e5142-5c68-42a1-acef-fcc927d476f8
Esc-3_averia_mayor,c2,3,QUEVEDO_CENTRO,83099ee1-21e2-4ad6-90ad-0d699902f8d0
Esc-3_averia_mayor,c2,3,QUEVEDO_CENTRO,8d160609-3b05-48a5-891c-3e8dd725ab35
Esc-3_averia_mayor,c2,3,QUEVEDO_CENTRO,9078374a-b451-481d-a641-4d88e3e46e9d
Esc-3_averia_mayor,c2,3,QUEVEDO_CENTRO,d1aa56b2-4d9f-4b0a-a629-d665bdb30a29
Esc-3_averia_mayor,c2,3,QUEVEDO_CENTRO,787c24c7-fbef-4987-b2ce-df2600fe3a2f
Esc-3_averia_mayor,c2,4,QUEVEDO_CENTRO,a8e5e7d4-7395-478d-8bab-1a6c7093385e
Esc-3_averia_mayor,c2,4,QUEVEDO_CENTRO,3a7e95f0-ad23-4dfb-9895-85eeefb3e602
Esc-3_averia_mayor,c2,4,QUEVEDO_CENTRO,ec4f5fe0-523f-4a18-9a9e-817fe064c550
Esc-3_averia_mayor,c2,4,QUEVEDO_CENTRO,657300bd-fd97-4e44-af3f-e0e57f19a7b8
Esc-3_averia_mayor,c2,4,QUEVEDO_CENTRO,4990f07a-84f4-46a3-9951-df47c2ebe1cb
Esc-3_averia_mayor,c2,4,QUEVEDO_CENTRO,d4b65b6b-58b4-44bc-be0b-1c67673c8b77
Esc-3_averia_mayor,c2,4,QUEVEDO_CENTRO,59415f1e-7c09-4875-91f8-f27568de10ef
Esc-3_averia_mayor,c2,4,QUEVEDO_CENTRO,00bad8e4-621a-4f60-86af-1eb8b7b6fc1e
Esc-3_averia_mayor,c2,4,QUEVEDO_CENTRO,9b16b0a4-6fd8-4d29-9878-faf6ab9579d2
Esc-3_averia_mayor,c2,4,QUEVEDO_CENTRO,d5451dd8-4e18-46b9-b19d-53d537a2491f
Esc-3_averia_mayor,c2,4,QUEVEDO_CENTRO,3d4a19ab-61d2-47f9-b250-f2bb0160d61b
Esc-3_averia_mayor,c2,4,QUEVEDO_CENTRO,537ed418-d477-4ed8-85ff-ee757ee30747
Esc-3_averia_mayor,c2,4,QUEVEDO_CENTRO,0630768b-6263-45ae-a438-bd33e5acbe33
Esc-3_averia_mayor,c2,4,QUEVEDO_CENTRO,5cb1ab24-f9e1-4751-a3b7-04b4fc932700
Esc-3_averia_mayor,c2,4,QUEVEDO_CENTRO,37c49100-9dde-4e88-88b6-40171ce8e25a
Esc-3_averia_mayor,c2,4,QUEVEDO_CENTRO,c86c44ca-be07-4c86-92f8-d7344822ba64
Esc-3_averia_mayor,c2,4,QUEVEDO_CENTRO,f94f9daa-8295-46ff-8a2f-5ceca8d78963
Esc-3_averia_mayor,c2,4,QUEVEDO_CENTRO,8bbc9487-75a4-49ff-adfe-d0d2967e5b4c
Esc-3_averia_mayor,c2,4,QUEVEDO_CENTRO,00cf6d14-9ebf-448f-9152-e3fdcaa8264f
Esc-3_averia_mayor,c2,4,QUEVEDO_CENTRO,595cfddf-9f09-473c-81ff-66b104ad328d
Esc-3_averia_mayor,c2,4,QUEVEDO_CENTRO,a7a01f18-6822-4057-affd-7f0d98ad990c
Esc-3_averia_mayor,c2,4,QUEVEDO_CENTRO,d489d5ad-385d-4a22-9980-fc66cc00c35e
Esc-3_averia_mayor,c2,4,QUEVEDO_CENTRO,df70458d-78d0-4b1f-b063-251b40033893
Esc-3_averia_mayor,c2,4,QUEVEDO_CENTRO,c45ab71e-404c-41d4-bef0-9fb4b35d4fda
Esc-3_averia_mayor,c2,4,QUEVEDO_CENTRO,8879408d-0604-4aab-9927-cfda06a0098c
Esc-3_averia_mayor,c2,4,QUEVEDO_CENTRO,fc77cb19-25ec-4510-8faf-1d651b17104e
Esc-3_averia_mayor,c2,4,QUEVEDO_CENTRO,8f6af3a6-0f24-4d87-98ec-b5c6a7198c1f
Esc-3_averia_mayor,c2,4,QUEVEDO_CENTRO,ed398f87-c574-4170-a71a-483dce02596b
Esc-3_averia_mayor,c2,4,QUEVEDO_CENTRO,8250493e-6204-4873-9e77-6cb723ab40e7
Esc-3_averia_mayor,c2,4,QUEVEDO_CENTRO,1449fdf2-cddf-4a03-b8cf-e86ec79850df
Esc-3_averia_mayor,c2,4,QUEVEDO_CENTRO,94d066f9-e7c0-46ef-9ba8-9525186ce553
Esc-3_averia_mayor,c2,4,QUEVEDO_CENTRO,10faa02f-995f-4d80-b54f-97d1d901c3a4
Esc-3_averia_mayor,c2,4,QUEVEDO_CENTRO,be2bc8bf-3b10-4ce5-afe1-ef49168fee23
Esc-3_averia_mayor,c2,4,QUEVEDO_CENTRO,3f05d98f-ec89-4906-9fd8-46e67c00bfae
Esc-3_averia_mayor,c2,4,QUEVEDO_CENTRO,f9dd9bf8-598a-469c-bf47-c6b3bc7f5bfc
Esc-3_averia_mayor,c2,4,QUEVEDO_CENTRO,00027f53-f985-4702-af62-d8ca3570bf2c
Esc-3_averia_mayor,c2,4,QUEVEDO_CENTRO,ddc3c678-afee-4be7-aaac-d80161d94cf9
Esc-3_averia_mayor,c2,4,QUEVEDO_CENTRO,ee1b67c1-f12b-4bfd-b63f-1e415372a8a9
Esc-3_averia_mayor,c2,4,QUEVEDO_CENTRO,f3b6d42b-3564-4c99-9ffe-a4fc1e035855
Esc-3_averia_mayor,c2,4,QUEVEDO_CENTRO,f27a2d89-da24-4dd7-983b-630e14f1b9f3
Esc-3_averia_mayor,c2,4,QUEVEDO_CENTRO,6de47700-074a-403c-9b45-8c1edc74398d
Esc-3_averia_mayor,c2,4,QUEVEDO_CENTRO,7fd61b1e-6961-4aab-8ae9-1342c81757f0
Esc-3_averia_mayor,c2,4,QUEVEDO_CENTRO,6ec4a0e1-e7c1-4e66-a834-da3eb28b06d6
Esc-3_averia_mayor,c2,4,QUEVEDO_CENTRO,09451445-8e4d-4313-9a81-252bade05df8
Esc-3_averia_mayor,c2,4,QUEVEDO_CENTRO,3b6d3637-8687-4b57-b174-eb8c254087e8
Esc-3_averia_mayor,c2,4,QUEVEDO_CENTRO,cca2cdc1-d386-491e-bf9e-5cc5fb3c927a
Esc-3_averia_mayor,c2,4,QUEVEDO_CENTRO,1218c135-4280-4e24-aa68-9f051e3042c9
Esc-3_averia_mayor,c2,4,QUEVEDO_CENTRO,abcc04f2-a6a7-42eb-bde9-b488c6928821
Esc-3_averia_mayor,c2,4,QUEVEDO_CENTRO,45bd326f-8d1e-4896-862a-d304f4bd3d54
Esc-3_averia_mayor,c2,4,QUEVEDO_CENTRO,187fc1f4-55fe-42f0-9871-7062ade4da2e
Esc-3_averia_mayor,c2,4,QUEVEDO_CENTRO,a0223b69-9e21-4a06-865b-9d761b09bae7
Esc-3_averia_mayor,c2,4,QUEVEDO_CENTRO,3d58722b-eb1f-410e-98a7-ee9ad4bb67bf
Esc-3_averia_mayor,c2,4,QUEVEDO_CENTRO,342b4613-ee93-44f6-a7ae-70d15bf88d75
Esc-3_averia_mayor,c2,4,QUEVEDO_CENTRO,bf18e6d7-e168-4728-a7b8-eb60701b2d87
Esc-3_averia_mayor,c2,4,QUEVEDO_CENTRO,513e2406-e0f0-4a27-939b-d8e9a6d736a6
Esc-3_averia_mayor,c2,4,QUEVEDO_CENTRO,eceefb2f-ea8f-43ed-8667-350e06bc2359
Esc-3_averia_mayor,c2,4,QUEVEDO_CENTRO,deb03cb7-3317-4d7b-8f6f-6113fb5c5b4a
Esc-3_averia_mayor,c2,4,QUEVEDO_CENTRO,b80cfeaf-588d-4915-87b6-b6c52d3edd7b
Esc-3_averia_mayor,c2,4,QUEVEDO_CENTRO,aad0e12c-ee4a-4a9a-82f7-bb23fe96d062
Esc-3_averia_mayor,c2,4,QUEVEDO_CENTRO,96f97494-404a-4956-8c6c-d2739d2d5305
Esc-3_averia_mayor,c2,5,QUEVEDO_CENTRO,ae26aa28-9790-4342-a145-209bcdc8edf3
Esc-3_averia_mayor,c2,5,QUEVEDO_CENTRO,089532ab-0de0-4ae5-a1d8-1f85243782ad
Esc-3_averia_mayor,c2,5,QUEVEDO_CENTRO,e527159e-4ed3-445c-a431-60b96745ffe9
Esc-3_averia_mayor,c2,5,QUEVEDO_CENTRO,9f9b41f3-0676-4daa-8619-4fa89c2fc133
Esc-3_averia_mayor,c2,5,QUEVEDO_CENTRO,b4b5c5de-37a2-4d60-a817-8eb2dc6d5fb4
Esc-3_averia_mayor,c2,5,QUEVEDO_CENTRO,293a2a48-6eca-4257-91d1-3b71c815efbc
Esc-3_averia_mayor,c2,5,QUEVEDO_CENTRO,17227797-93ac-46c2-90f5-67c7b4842ad1
Esc-3_averia_mayor,c2,5,QUEVEDO_CENTRO,dae91d3b-3d3f-483a-92b0-3d065145edb0
Esc-3_averia_mayor,c2,5,QUEVEDO_CENTRO,5efb9340-45ff-46f6-9a55-e0af9e8f94ab
Esc-3_averia_mayor,c2,5,QUEVEDO_CENTRO,b73c3f17-02c1-49c3-900b-f888f97e3017
Esc-3_averia_mayor,c2,5,QUEVEDO_CENTRO,5b16f97e-21a2-46ae-90f3-a4afffa4c914
Esc-3_averia_mayor,c2,5,QUEVEDO_CENTRO,d0fd8d53-314b-46b1-941a-94b53a29434f
Esc-3_averia_mayor,c2,5,QUEVEDO_CENTRO,623f47dd-4c94-4e54-bd83-332d3385c935
Esc-3_averia_mayor,c2,5,QUEVEDO_CENTRO,5a0e13ac-dac3-4151-9d71-aab39ddb96a3
Esc-3_averia_mayor,c2,5,QUEVEDO_CENTRO,0f8c3d48-6041-4fb4-89a0-353240f4c078
Esc-3_averia_mayor,c2,5,QUEVEDO_CENTRO,0a4e2fcd-eeb6-403f-bc89-f47cdae1bd47
Esc-3_averia_mayor,c2,5,QUEVEDO_CENTRO,1449e467-eb40-4790-aef0-9f94d1ae39cf
Esc-3_averia_mayor,c2,5,QUEVEDO_CENTRO,88968774-e0ff-4bc9-a893-c380db816978
Esc-3_averia_mayor,c2,5,QUEVEDO_CENTRO,e4fa9312-2afd-427d-afbb-a458a8419aa4
Esc-3_averia_mayor,c2,5,QUEVEDO_CENTRO,8faca22d-2bc2-42b5-babd-03e666642721
Esc-3_averia_mayor,c2,5,QUEVEDO_CENTRO,cdff3db9-0221-4915-ac6a-789a5d5d0180
Esc-3_averia_mayor,c2,5,QUEVEDO_CENTRO,0a9733ad-ebe3-496c-b2d2-b7df052ff2db
Esc-3_averia_mayor,c2,5,QUEVEDO_CENTRO,63f8907f-cc25-4f66-860d-fffc18bc5efe
Esc-3_averia_mayor,c2,5,QUEVEDO_CENTRO,86140838-c455-4d84-a209-315eea5df8be
Esc-3_averia_mayor,c2,5,QUEVEDO_CENTRO,0ada8119-bb3a-44e0-a4cb-9fbf9600111a
Esc-3_averia_mayor,c2,5,QUEVEDO_CENTRO,6424414c-d06b-4bad-8aad-3f9ea226cbe7
Esc-3_averia_mayor,c2,5,QUEVEDO_CENTRO,d8f2c199-e5f2-4c60-bbde-cc9d195c13ad
Esc-3_averia_mayor,c2,5,QUEVEDO_CENTRO,ea70278a-80cb-4f64-aea6-2c01488b8991
Esc-3_averia_mayor,c2,5,QUEVEDO_CENTRO,6baf574d-5157-4176-961b-ee95fe33d926
Esc-3_averia_mayor,c2,5,QUEVEDO_CENTRO,ed7f5207-dde6-48d6-b5f9-aad956cb795b
Esc-3_averia_mayor,c2,5,QUEVEDO_CENTRO,83daa749-3e49-4a50-b7f9-ab445e347730
Esc-3_averia_mayor,c2,5,QUEVEDO_CENTRO,8fab8fd6-1ff6-4373-b288-5be174fcc202
Esc-3_averia_mayor,c2,5,QUEVEDO_CENTRO,0d4d2d92-f58b-4f08-8d0f-eb2953030ad0
Esc-3_averia_mayor,c2,5,QUEVEDO_CENTRO,369d1eaf-da30-4995-8150-aedbbe0bfac0
Esc-3_averia_mayor,c2,5,QUEVEDO_CENTRO,5bffc262-09c7-401e-b11d-0eca3631967c
Esc-3_averia_mayor,c2,5,QUEVEDO_CENTRO,cc44d4b1-772d-4873-8fcb-bff0463775c7
Esc-3_averia_mayor,c2,5,QUEVEDO_CENTRO,ef15b3e5-3db8-4459-bdd6-0381a98569f5
Esc-3_averia_mayor,c2,5,QUEVEDO_CENTRO,dc33067f-4e0b-494a-82c0-60746d79f60a
Esc-3_averia_mayor,c2,5,QUEVEDO_CENTRO,231b43f9-2ecf-4db7-befe-4da19aafb110
Esc-3_averia_mayor,c2,5,QUEVEDO_CENTRO,ffad78d6-61de-4aa4-a69a-10b9c7273d8a
Esc-3_averia_mayor,c2,5,QUEVEDO_CENTRO,fc4ffe0d-c970-4b65-ae8f-b9659e8839f9
Esc-3_averia_mayor,c2,5,QUEVEDO_CENTRO,35a7b7d5-e1e1-4e26-9c23-0c3777e55c26
Esc-3_averia_mayor,c2,5,QUEVEDO_CENTRO,9a3d63ae-ca35-4763-b3fd-b8483a832db9
Esc-3_averia_mayor,c2,5,QUEVEDO_CENTRO,b39dc75e-1750-419d-adbc-ce41c7f8fc9f
Esc-3_averia_mayor,c2,5,QUEVEDO_CENTRO,6de6fbac-db79-424d-bf0a-0fe05a9f09d2
Esc-3_averia_mayor,c2,5,QUEVEDO_CENTRO,8928111e-73f2-45ca-b0b2-522ae8db6ca0
Esc-3_averia_mayor,c2,5,QUEVEDO_CENTRO,6b01cf18-eb88-47be-8e38-67bd27aa67f4
Esc-3_averia_mayor,c2,5,QUEVEDO_CENTRO,0f51318b-7488-47db-a81c-17faca8e4724
Esc-3_averia_mayor,c2,5,QUEVEDO_CENTRO,d3faeaaa-f96b-4b73-8557-e7dae133aee7
Esc-3_averia_mayor,c2,5,QUEVEDO_CENTRO,bc81d97c-98fb-493d-892f-e2058485afbf
Esc-3_averia_mayor,c2,5,QUEVEDO_CENTRO,1a0f5614-17c0-40aa-8ca4-926d73ad8ac2
Esc-3_averia_mayor,c2,5,QUEVEDO_CENTRO,9cbd5a7f-7560-4f13-87c3-789ffd38863c
Esc-3_averia_mayor,c2,5,QUEVEDO_CENTRO,c43f97bc-2120-4299-b00d-d263d63c9fc0
Esc-3_averia_mayor,c2,5,QUEVEDO_CENTRO,7d9ab09b-999a-4d39-aa5f-d8d4de0a4191
Esc-3_averia_mayor,c2,5,QUEVEDO_CENTRO,1f8d4002-5aad-48bc-8b94-1fd4a826ddf3
Esc-3_averia_mayor,c2,5,QUEVEDO_CENTRO,78473dfd-8773-41b0-885a-baf2c33af52a
Esc-3_averia_mayor,c2,5,QUEVEDO_CENTRO,3ff38a38-5cc2-4952-bc37-0f183fee0df1
Esc-3_averia_mayor,c2,5,QUEVEDO_CENTRO,760ffc7b-1858-471f-84bf-ca1778774d45
Esc-3_averia_mayor,c2,5,QUEVEDO_CENTRO,f9056c56-59de-4f6c-a28a-d738355d472e
Esc-3_averia_mayor,c2,5,QUEVEDO_CENTRO,e909bf9c-38a9-4184-9713-d9cfe54ce375
Esc-4_dos_averias_simultaneas,c2,1,QUEVEDO_CENTRO,0db7f45e-c150-4b3b-b4f5-1ad9f05f3a8b
Esc-4_dos_averias_simultaneas,c2,1,QUEVEDO_CENTRO,f7c05928-0b24-4376-a8c8-b228f130db7f
Esc-4_dos_averias_simultaneas,c2,1,QUEVEDO_CENTRO,169ab573-2580-475a-bc7d-255b8dfe441d
Esc-4_dos_averias_simultaneas,c2,1,QUEVEDO_NORTE,c0dd3d8d-5508-493e-a253-9805160a1d7e
Esc-4_dos_averias_simultaneas,c2,1,QUEVEDO_NORTE,f8655cd6-f319-4977-87ca-340f8808cbff
Esc-4_dos_averias_simultaneas,c2,1,QUEVEDO_NORTE,e261d629-cf35-494b-8e28-2202d64227de
Esc-4_dos_averias_simultaneas,c2,1,QUEVEDO_NORTE,716cc587-a20e-450e-bde5-9f7cb0ca2164
Esc-4_dos_averias_simultaneas,c2,1,QUEVEDO_CENTRO,67eb19ea-bc81-4ae9-8da4-4ff3aa210f85
Esc-4_dos_averias_simultaneas,c2,1,QUEVEDO_CENTRO,a714a224-c91b-4826-baed-4754baeda828
Esc-4_dos_averias_simultaneas,c2,1,QUEVEDO_CENTRO,59afe0a2-35c3-4897-bdc9-07c99a216e3d
Esc-4_dos_averias_simultaneas,c2,1,QUEVEDO_NORTE,1ebdf34b-06cd-4e9f-b570-8ec758f56621
Esc-4_dos_averias_simultaneas,c2,1,QUEVEDO_CENTRO,1b8c5d81-90e0-4e8e-a74d-07b2f982119b
Esc-4_dos_averias_simultaneas,c2,1,QUEVEDO_NORTE,170c7184-7c0d-4cf8-b7ce-11d6c664b8e0
Esc-4_dos_averias_simultaneas,c2,1,QUEVEDO_CENTRO,4001c6b7-c330-42d7-ad3b-b1b93ac8fca9
Esc-4_dos_averias_simultaneas,c2,1,QUEVEDO_NORTE,622b57a7-d159-443e-8001-1e3b2901c0a2
Esc-4_dos_averias_simultaneas,c2,1,QUEVEDO_NORTE,bdabe1f4-bf67-4b59-954d-b39749776b89
Esc-4_dos_averias_simultaneas,c2,1,QUEVEDO_CENTRO,43da2e83-f87a-4de7-a760-a008cabf752e
Esc-4_dos_averias_simultaneas,c2,1,QUEVEDO_CENTRO,d810f55c-4afe-499c-b9c2-e690c78c5ee3
Esc-4_dos_averias_simultaneas,c2,1,QUEVEDO_CENTRO,1b912572-c13c-446f-b2c2-957f2aad9215
Esc-4_dos_averias_simultaneas,c2,1,QUEVEDO_NORTE,d1c23bff-6452-44f3-b2c9-0468a7df8225
Esc-4_dos_averias_simultaneas,c2,1,QUEVEDO_NORTE,03ff2b74-cfe3-4711-a209-cb83676cc91b
Esc-4_dos_averias_simultaneas,c2,1,QUEVEDO_CENTRO,e521a9ca-4875-427c-8cfa-26fa293d7483
Esc-4_dos_averias_simultaneas,c2,1,QUEVEDO_NORTE,865e5140-edc9-4d99-8ae4-a6f92291b797
Esc-4_dos_averias_simultaneas,c2,1,QUEVEDO_CENTRO,f25ab03a-f5fd-4f0b-b732-9f1a8458b45e
Esc-4_dos_averias_simultaneas,c2,1,QUEVEDO_NORTE,fe74396e-db6a-45f2-a5e3-07bf2089d212
Esc-4_dos_averias_simultaneas,c2,1,QUEVEDO_CENTRO,cf04f30f-279b-4373-a12d-4f597dc7481c
Esc-4_dos_averias_simultaneas,c2,1,QUEVEDO_CENTRO,959fe0af-1d0f-4c9d-a54b-72eac20c2c37
Esc-4_dos_averias_simultaneas,c2,1,QUEVEDO_CENTRO,a0886d20-a707-4a3c-81d3-196d1f27c84d
Esc-4_dos_averias_simultaneas,c2,1,QUEVEDO_CENTRO,b818fce6-a867-48b2-89b7-95509c569315
Esc-4_dos_averias_simultaneas,c2,1,QUEVEDO_CENTRO,6b375e24-5bdb-4697-8a8a-f7cbe1573571
Esc-4_dos_averias_simultaneas,c2,1,QUEVEDO_NORTE,d2411ffc-7774-4d58-afa4-938cbb5dfa67
Esc-4_dos_averias_simultaneas,c2,1,QUEVEDO_NORTE,0a817eb6-c63f-4cc8-9ba1-7730d8e7925c
Esc-4_dos_averias_simultaneas,c2,1,QUEVEDO_NORTE,fcaf1ac4-df62-47b3-92a2-e0fd468b0699
Esc-4_dos_averias_simultaneas,c2,1,QUEVEDO_NORTE,2753bfff-6c70-4879-b5db-1aeb30c22dc2
Esc-4_dos_averias_simultaneas,c2,1,QUEVEDO_CENTRO,b81c7bd5-a28a-435d-858f-f997c19a5bb5
Esc-4_dos_averias_simultaneas,c2,1,QUEVEDO_NORTE,942c5d31-5c31-40dd-ab98-8de60eff96ae
Esc-4_dos_averias_simultaneas,c2,1,QUEVEDO_NORTE,2d2d0f42-7eec-4b9d-8398-81122e5817f6
Esc-4_dos_averias_simultaneas,c2,1,QUEVEDO_NORTE,85273b9d-628e-4c9e-abd8-6ba24d10ec5c
Esc-4_dos_averias_simultaneas,c2,1,QUEVEDO_CENTRO,12cc94f6-0f50-4b7c-9dc0-fbae2aad8a0f
Esc-4_dos_averias_simultaneas,c2,1,QUEVEDO_NORTE,67f0f08c-5051-41de-87ff-7c8bfbf9c9dd
Esc-4_dos_averias_simultaneas,c2,2,QUEVEDO_NORTE,336d7bd4-be3e-4500-b790-666fb7f85a35
Esc-4_dos_averias_simultaneas,c2,2,QUEVEDO_CENTRO,9c3de79e-707f-4536-bdaa-4e0e8619ffa3
Esc-4_dos_averias_simultaneas,c2,2,QUEVEDO_CENTRO,4030c240-5cc2-4af9-b0dc-e965a3af3a88
Esc-4_dos_averias_simultaneas,c2,2,QUEVEDO_CENTRO,0559e119-3d9e-474b-9885-d6f861365aa6
Esc-4_dos_averias_simultaneas,c2,2,QUEVEDO_NORTE,d1c433e0-6568-4ee1-b52d-23c42935fa56
Esc-4_dos_averias_simultaneas,c2,2,QUEVEDO_CENTRO,874e4450-3ef2-43e4-8d6a-7feb8c840e1b
Esc-4_dos_averias_simultaneas,c2,2,QUEVEDO_CENTRO,9a4dcc48-e583-4f04-be22-107ab0127846
Esc-4_dos_averias_simultaneas,c2,2,QUEVEDO_CENTRO,287abebf-1150-42df-9ef2-73d570954f08
Esc-4_dos_averias_simultaneas,c2,2,QUEVEDO_CENTRO,44128514-8cc5-4d28-a762-03b7016b15d0
Esc-4_dos_averias_simultaneas,c2,2,QUEVEDO_NORTE,c9500aa3-75d9-49af-82a4-d100c5844388
Esc-4_dos_averias_simultaneas,c2,2,QUEVEDO_NORTE,1cab94d7-a4fc-4ddd-9c00-d2daffc979c4
Esc-4_dos_averias_simultaneas,c2,2,QUEVEDO_NORTE,9b5e4052-abac-4678-bee3-177622193722
Esc-4_dos_averias_simultaneas,c2,2,QUEVEDO_NORTE,5e4fff89-42f2-4234-8094-f9d9312bf487
Esc-4_dos_averias_simultaneas,c2,2,QUEVEDO_NORTE,e47cf1be-6de5-46c2-82ef-a38a4f3652db
Esc-4_dos_averias_simultaneas,c2,2,QUEVEDO_CENTRO,17e80c4f-258f-4e32-995f-474bf20803c4
Esc-4_dos_averias_simultaneas,c2,2,QUEVEDO_CENTRO,20bfe02d-6b67-42b2-a93d-d534f2e27d9c
Esc-4_dos_averias_simultaneas,c2,2,QUEVEDO_CENTRO,ad1bc5e0-3e36-44a9-b603-6d7f47b72e6e
Esc-4_dos_averias_simultaneas,c2,2,QUEVEDO_NORTE,1654b440-2caa-4e02-ba56-d340ec57f8b7
Esc-4_dos_averias_simultaneas,c2,2,QUEVEDO_NORTE,0b62f407-7664-4bc2-b7b0-97a4957bee43
Esc-4_dos_averias_simultaneas,c2,2,QUEVEDO_CENTRO,ed331679-3304-45a0-a2b8-73945836aae2
Esc-4_dos_averias_simultaneas,c2,2,QUEVEDO_CENTRO,1112a054-93b5-4aaf-8efc-893e2fdb0785
Esc-4_dos_averias_simultaneas,c2,2,QUEVEDO_CENTRO,4bb2eba3-2d81-45de-8386-3484e4321901
Esc-4_dos_averias_simultaneas,c2,2,QUEVEDO_NORTE,a48972a0-8bb1-4de3-b096-bff3bd92003a
Esc-4_dos_averias_simultaneas,c2,2,QUEVEDO_NORTE,180323e9-ed55-4374-9666-f69871c20221
Esc-4_dos_averias_simultaneas,c2,2,QUEVEDO_NORTE,44558a4f-cbe1-49f5-a207-6b7400142981
Esc-4_dos_averias_simultaneas,c2,2,QUEVEDO_NORTE,2b386be2-651b-4cb6-8a3e-ec1517b8fd89
Esc-4_dos_averias_simultaneas,c2,2,QUEVEDO_CENTRO,594ed5ac-4996-46a3-8d16-e2a8a8f4ad4c
Esc-4_dos_averias_simultaneas,c2,2,QUEVEDO_NORTE,6763bf63-b944-4174-b3e3-fc836e3879cc
Esc-4_dos_averias_simultaneas,c2,2,QUEVEDO_NORTE,79223f82-51e6-45a3-9a43-eceb72259431
Esc-4_dos_averias_simultaneas,c2,2,QUEVEDO_NORTE,7ea05fe8-6b77-472e-9a34-8a02114bbc5a
Esc-4_dos_averias_simultaneas,c2,2,QUEVEDO_NORTE,d08e08be-6419-46f8-8f95-1ef8cef85133
Esc-4_dos_averias_simultaneas,c2,2,QUEVEDO_NORTE,de577bb9-8b63-4779-80d3-7de01f90e186
Esc-4_dos_averias_simultaneas,c2,2,QUEVEDO_NORTE,e0677f43-705d-4925-a9d2-ec00c3e25556
Esc-4_dos_averias_simultaneas,c2,2,QUEVEDO_CENTRO,9c1a02b7-7c91-4f3c-851c-699296e1d291
Esc-4_dos_averias_simultaneas,c2,2,QUEVEDO_CENTRO,843d1814-a2c0-4a19-bd8a-6303d498b04e
Esc-4_dos_averias_simultaneas,c2,2,QUEVEDO_CENTRO,83a8d79e-96d0-4c0e-814b-d1772eb874b6
Esc-4_dos_averias_simultaneas,c2,2,QUEVEDO_CENTRO,a2fc2856-46de-43df-b591-4ba767d5e0bd
Esc-4_dos_averias_simultaneas,c2,2,QUEVEDO_NORTE,513f9e5f-9800-46fa-b658-7d0a73c8f694
Esc-4_dos_averias_simultaneas,c2,2,QUEVEDO_CENTRO,f83f84b0-f787-4463-8f45-ed4af27b0486
Esc-4_dos_averias_simultaneas,c2,2,QUEVEDO_CENTRO,4223804b-dd38-4711-9ee7-1f3ff4cb0760
Esc-4_dos_averias_simultaneas,c2,3,QUEVEDO_CENTRO,7b0cae8f-a6c6-4441-8a84-e4c91cf1c20e
Esc-4_dos_averias_simultaneas,c2,3,QUEVEDO_NORTE,bd564733-5a6a-4b5f-ab05-b3c709bd521e
Esc-4_dos_averias_simultaneas,c2,3,QUEVEDO_NORTE,c5b33656-a421-4dc7-8a6f-599451d3ff73
Esc-4_dos_averias_simultaneas,c2,3,QUEVEDO_CENTRO,5fed747f-377e-4abc-9a7e-587f7df57873
Esc-4_dos_averias_simultaneas,c2,3,QUEVEDO_NORTE,c3a04fc4-9d2f-4bb2-85a4-2cac7bae4cb3
Esc-4_dos_averias_simultaneas,c2,3,QUEVEDO_CENTRO,6d7c1dfb-b976-42f0-a706-cfd790fca68a
Esc-4_dos_averias_simultaneas,c2,3,QUEVEDO_CENTRO,6e42debe-2ff2-4913-841a-d22079b31029
Esc-4_dos_averias_simultaneas,c2,3,QUEVEDO_CENTRO,a634a0c3-eda4-44f3-a810-ff6c2100a0dd
Esc-4_dos_averias_simultaneas,c2,3,QUEVEDO_CENTRO,84b9c692-9c02-4c52-93a6-eee528dced8b
Esc-4_dos_averias_simultaneas,c2,3,QUEVEDO_CENTRO,20203164-4f28-4000-b80f-c3192fe8b063
Esc-4_dos_averias_simultaneas,c2,3,QUEVEDO_CENTRO,719886a4-49a8-4ae4-b939-d014f1eaa860
Esc-4_dos_averias_simultaneas,c2,3,QUEVEDO_NORTE,66da34d3-9f4a-459e-91a9-354c8c2f36a1
Esc-4_dos_averias_simultaneas,c2,3,QUEVEDO_NORTE,79defbaf-db7c-49ed-99cf-5215c832a82e
Esc-4_dos_averias_simultaneas,c2,3,QUEVEDO_CENTRO,0e6998c7-5e49-455f-b156-6e58909084e4
Esc-4_dos_averias_simultaneas,c2,3,QUEVEDO_CENTRO,b1c74fb8-84e4-4cf0-9c52-f863391a5630
Esc-4_dos_averias_simultaneas,c2,3,QUEVEDO_NORTE,d0b249e9-a73c-4691-8a96-5a6ddb90d613
Esc-4_dos_averias_simultaneas,c2,3,QUEVEDO_NORTE,9455ae43-7e7d-4a27-ac43-62aa888223bf
Esc-4_dos_averias_simultaneas,c2,3,QUEVEDO_NORTE,640044bb-5589-4f81-86fa-5f57a96d45ef
Esc-4_dos_averias_simultaneas,c2,3,QUEVEDO_CENTRO,70c0dfb4-73a6-4ba4-8b08-c9d784326989
Esc-4_dos_averias_simultaneas,c2,3,QUEVEDO_CENTRO,26c2732f-347c-45e4-b5f5-6966b1a63651
Esc-4_dos_averias_simultaneas,c2,3,QUEVEDO_CENTRO,62af382a-7d7d-4171-a9b6-163f96581eab
Esc-4_dos_averias_simultaneas,c2,3,QUEVEDO_CENTRO,b8924d63-f806-40ad-a344-f86b4c405cda
Esc-4_dos_averias_simultaneas,c2,3,QUEVEDO_NORTE,7063baeb-8299-4b6b-a5a0-7eba50300644
Esc-4_dos_averias_simultaneas,c2,3,QUEVEDO_NORTE,13a89209-3475-4a91-a6b1-337dddbd7e5f
Esc-4_dos_averias_simultaneas,c2,3,QUEVEDO_NORTE,1337fe53-2fc5-4b56-924b-6c781dc51a92
Esc-4_dos_averias_simultaneas,c2,3,QUEVEDO_NORTE,21402bbb-fb57-402f-b1fc-678c1b42e026
Esc-4_dos_averias_simultaneas,c2,3,QUEVEDO_CENTRO,db2823a8-c199-471d-a9bd-8c140087c5ff
Esc-4_dos_averias_simultaneas,c2,3,QUEVEDO_NORTE,4cc4b59d-5631-4a4d-814e-ff161ee3c89e
Esc-4_dos_averias_simultaneas,c2,3,QUEVEDO_NORTE,8b5de623-54df-41ac-84ba-3ac043027fb8
Esc-4_dos_averias_simultaneas,c2,3,QUEVEDO_CENTRO,752df7bb-78f9-4fff-97ab-418bb3ac714c
Esc-4_dos_averias_simultaneas,c2,3,QUEVEDO_CENTRO,1546ef21-a153-4725-a8b1-8597147f3527
Esc-4_dos_averias_simultaneas,c2,3,QUEVEDO_NORTE,05cb523f-336d-4c44-a3f4-3b5b0d6bc54b
Esc-4_dos_averias_simultaneas,c2,3,QUEVEDO_NORTE,30f6e14c-7b76-47c0-8d3c-7ae23599f12e
Esc-4_dos_averias_simultaneas,c2,3,QUEVEDO_CENTRO,e9a84c25-8f66-413b-b808-8402ee0b113a
Esc-4_dos_averias_simultaneas,c2,3,QUEVEDO_NORTE,8a77c4b8-b94a-4592-b0f3-ba2a6fbde859
Esc-4_dos_averias_simultaneas,c2,3,QUEVEDO_NORTE,fba2140e-b947-4514-a8dc-972965115780
Esc-4_dos_averias_simultaneas,c2,3,QUEVEDO_NORTE,3b392dc3-6b41-46aa-8413-7578d21058bb
Esc-4_dos_averias_simultaneas,c2,3,QUEVEDO_NORTE,aa97311f-6d17-4baa-bf11-140e2849caf6
Esc-4_dos_averias_simultaneas,c2,3,QUEVEDO_CENTRO,6aecff3d-fbe6-4bc5-9775-67cf45491a6b
Esc-4_dos_averias_simultaneas,c2,3,QUEVEDO_CENTRO,03a266e0-ed42-454c-ad84-f6f5b0730d56
Esc-4_dos_averias_simultaneas,c2,4,QUEVEDO_NORTE,884da394-c1ba-462b-af68-c4334eb432c3
Esc-4_dos_averias_simultaneas,c2,4,QUEVEDO_CENTRO,b2f7474c-4d1d-49c5-aceb-962a914cd477
Esc-4_dos_averias_simultaneas,c2,4,QUEVEDO_NORTE,bb9924bb-3e3e-46f2-9a46-21a00e39fe96
Esc-4_dos_averias_simultaneas,c2,4,QUEVEDO_NORTE,843dbf47-e911-4186-a1ab-9154ca590ab5
Esc-4_dos_averias_simultaneas,c2,4,QUEVEDO_CENTRO,b1aee505-e680-415f-8785-68fcdf30c7af
Esc-4_dos_averias_simultaneas,c2,4,QUEVEDO_NORTE,72c68883-154e-4c29-9bdd-17bb57c73c53
Esc-4_dos_averias_simultaneas,c2,4,QUEVEDO_NORTE,465889b5-f8c1-4d89-bd4c-0ad86110f0ee
Esc-4_dos_averias_simultaneas,c2,4,QUEVEDO_CENTRO,57b95f0d-1a7d-4c5d-9260-2e0bbef15bf3
Esc-4_dos_averias_simultaneas,c2,4,QUEVEDO_CENTRO,688f38ee-381e-4b94-89f7-9dd264898831
Esc-4_dos_averias_simultaneas,c2,4,QUEVEDO_NORTE,fdc9e908-0e5e-4e7b-85f6-c45f91a1dc90
Esc-4_dos_averias_simultaneas,c2,4,QUEVEDO_CENTRO,7b5d2fac-7859-4fc7-b7b6-706c7a694b72
Esc-4_dos_averias_simultaneas,c2,4,QUEVEDO_CENTRO,75456d57-fde7-40d6-8637-ca2846ed468c
Esc-4_dos_averias_simultaneas,c2,4,QUEVEDO_NORTE,e5c095b0-2509-42a6-a9ec-07643598db2b
Esc-4_dos_averias_simultaneas,c2,4,QUEVEDO_CENTRO,3daa7d67-83b5-455e-85ac-3395ea952168
Esc-4_dos_averias_simultaneas,c2,4,QUEVEDO_NORTE,da3d2303-702b-4dcb-bdf8-184ae0cb72d4
Esc-4_dos_averias_simultaneas,c2,4,QUEVEDO_NORTE,65d20fc0-59aa-4b9f-93fa-ae07bbaeda25
Esc-4_dos_averias_simultaneas,c2,4,QUEVEDO_CENTRO,74beb233-b193-4c17-823f-f88c101db9de
Esc-4_dos_averias_simultaneas,c2,4,QUEVEDO_CENTRO,5ceffd9c-3994-4613-a618-398faa2b4897
Esc-4_dos_averias_simultaneas,c2,4,QUEVEDO_NORTE,67470213-0eea-4323-8ae1-3f07592ced52
Esc-4_dos_averias_simultaneas,c2,4,QUEVEDO_CENTRO,ee00333f-40cc-4c7b-93c1-d63ac1d381ee
Esc-4_dos_averias_simultaneas,c2,4,QUEVEDO_NORTE,aa7f3013-f3e1-4783-8317-2d08cc38043b
Esc-4_dos_averias_simultaneas,c2,4,QUEVEDO_NORTE,61d63633-4d2b-4bda-937d-f00af6ace1ae
Esc-4_dos_averias_simultaneas,c2,4,QUEVEDO_CENTRO,99307bf5-8260-4772-953b-992301509b99
Esc-4_dos_averias_simultaneas,c2,4,QUEVEDO_NORTE,6795a97b-b92a-40d7-8705-ef18c53dbdc1
Esc-4_dos_averias_simultaneas,c2,4,QUEVEDO_CENTRO,4ca92439-43e3-4563-aea3-fa37c5a3cfcb
Esc-4_dos_averias_simultaneas,c2,4,QUEVEDO_CENTRO,c3de0ce5-7dc0-448b-95a2-6705f817ecca
Esc-4_dos_averias_simultaneas,c2,4,QUEVEDO_NORTE,b8ed8611-218d-4f45-ae02-625bbd32790d
Esc-4_dos_averias_simultaneas,c2,4,QUEVEDO_CENTRO,c612c17e-52bf-40da-92e0-1443e860fbac
Esc-4_dos_averias_simultaneas,c2,4,QUEVEDO_CENTRO,d2f2d5ff-7983-4266-8eac-f980509017e7
Esc-4_dos_averias_simultaneas,c2,4,QUEVEDO_CENTRO,5fb3c879-4de0-4615-8bfb-d5f387626c49
Esc-4_dos_averias_simultaneas,c2,4,QUEVEDO_NORTE,b8515b23-3106-4f26-a9f8-a16f994dea70
Esc-4_dos_averias_simultaneas,c2,4,QUEVEDO_NORTE,96629d34-a075-4989-9cfa-4d67c70cf721
Esc-4_dos_averias_simultaneas,c2,4,QUEVEDO_NORTE,10877dad-0c12-495e-a0df-125331768d9b
Esc-4_dos_averias_simultaneas,c2,4,QUEVEDO_CENTRO,c02628d5-a05b-4cae-a476-0c4adb9406e5
Esc-4_dos_averias_simultaneas,c2,4,QUEVEDO_CENTRO,64de6b76-1a27-4feb-9cef-f92861f1dc45
Esc-4_dos_averias_simultaneas,c2,4,QUEVEDO_NORTE,61ea891f-d11d-459c-9a3a-bb6ea3f4dbdb
Esc-4_dos_averias_simultaneas,c2,4,QUEVEDO_CENTRO,a09ba415-10a5-4773-b4c9-e40e90c625bd
Esc-4_dos_averias_simultaneas,c2,4,QUEVEDO_NORTE,40d9d4f4-e72f-406c-97e1-1401ed2f8f70
Esc-4_dos_averias_simultaneas,c2,4,QUEVEDO_CENTRO,5a4da203-1ae2-40fe-85aa-b2462c94b805
Esc-4_dos_averias_simultaneas,c2,4,QUEVEDO_NORTE,2798f384-1d76-47c7-a39c-a1faf789271a
Esc-4_dos_averias_simultaneas,c2,5,QUEVEDO_CENTRO,d221af64-8f01-4245-aa61-96213332a0d0
Esc-4_dos_averias_simultaneas,c2,5,QUEVEDO_NORTE,a5049624-ab60-4dcc-8032-aaef349b03e7
Esc-4_dos_averias_simultaneas,c2,5,QUEVEDO_CENTRO,2621957e-f87a-43ae-92fa-41dab9e896f9
Esc-4_dos_averias_simultaneas,c2,5,QUEVEDO_NORTE,c5764134-1a31-4cee-af92-ef6025b3f28b
Esc-4_dos_averias_simultaneas,c2,5,QUEVEDO_CENTRO,fedbdb3a-302a-46e0-b865-75d118f1f071
Esc-4_dos_averias_simultaneas,c2,5,QUEVEDO_CENTRO,028a6249-733d-4d0a-ad19-daf1fd500d42
Esc-4_dos_averias_simultaneas,c2,5,QUEVEDO_NORTE,ca477776-8f41-433f-9bc3-3881a9d63080
Esc-4_dos_averias_simultaneas,c2,5,QUEVEDO_CENTRO,51ad9c5c-6839-492e-a929-fc66bcd12e47
Esc-4_dos_averias_simultaneas,c2,5,QUEVEDO_NORTE,b9e4377d-b788-4704-81ac-35dd782f6ba7
Esc-4_dos_averias_simultaneas,c2,5,QUEVEDO_NORTE,01c0a67b-7608-4f31-8eff-572c818a9de7
Esc-4_dos_averias_simultaneas,c2,5,QUEVEDO_CENTRO,0cf61c79-7d2f-4d9e-82c5-56fc5955ecd5
Esc-4_dos_averias_simultaneas,c2,5,QUEVEDO_NORTE,c637f2c3-e0b1-4444-a28a-2c9ffbcee8f1
Esc-4_dos_averias_simultaneas,c2,5,QUEVEDO_CENTRO,ce10c5ab-d7d0-422e-b01d-78411dc38954
Esc-4_dos_averias_simultaneas,c2,5,QUEVEDO_NORTE,b5a24a49-2bde-4851-807a-fdfb414e2bc5
Esc-4_dos_averias_simultaneas,c2,5,QUEVEDO_CENTRO,1a01a7bc-abdc-473e-9357-eda23a7a0724
Esc-4_dos_averias_simultaneas,c2,5,QUEVEDO_NORTE,9358fe7b-dca4-4b17-9d8b-74540d810b40
Esc-4_dos_averias_simultaneas,c2,5,QUEVEDO_NORTE,1229f014-e712-4e88-a361-5c67fd087500
Esc-4_dos_averias_simultaneas,c2,5,QUEVEDO_NORTE,24c4a129-0da8-4bf7-9623-00389beb7d5e
Esc-4_dos_averias_simultaneas,c2,5,QUEVEDO_CENTRO,ac01b173-a411-44ec-9e73-b8842ba21472
Esc-4_dos_averias_simultaneas,c2,5,QUEVEDO_NORTE,cf9deebe-35b2-49d3-8e00-e07461defa96
Esc-4_dos_averias_simultaneas,c2,5,QUEVEDO_CENTRO,c1d1c8de-ec2b-4738-860e-4195310243c1
Esc-4_dos_averias_simultaneas,c2,5,QUEVEDO_CENTRO,654f7096-b2dc-4ac8-b7eb-39c9a42a2345
Esc-4_dos_averias_simultaneas,c2,5,QUEVEDO_NORTE,ab56823b-697c-4a02-8b6b-45df97119a4b
Esc-4_dos_averias_simultaneas,c2,5,QUEVEDO_NORTE,ce8bf7b5-804e-4014-b128-19face4c08f9
Esc-4_dos_averias_simultaneas,c2,5,QUEVEDO_NORTE,66ec5c33-849e-48e5-981b-73bc7f17478d
Esc-4_dos_averias_simultaneas,c2,5,QUEVEDO_CENTRO,30d81455-4fda-477d-9366-a90e1972e48f
Esc-4_dos_averias_simultaneas,c2,5,QUEVEDO_NORTE,b41fa727-2601-4c1c-9f9f-afe75f31265c
Esc-4_dos_averias_simultaneas,c2,5,QUEVEDO_CENTRO,e2c95443-8b02-4ee5-86fc-612d7fd23bcb
Esc-4_dos_averias_simultaneas,c2,5,QUEVEDO_CENTRO,d487ecd4-18fb-499c-bc13-8b852901ca86
Esc-4_dos_averias_simultaneas,c2,5,QUEVEDO_NORTE,d8895390-5ef2-4143-a84b-c6bf57137c19
Esc-4_dos_averias_simultaneas,c2,5,QUEVEDO_NORTE,4b2f1669-38f9-4244-a2af-754acd43bef1
Esc-4_dos_averias_simultaneas,c2,5,QUEVEDO_CENTRO,144df6de-2c82-41bb-9843-e6f474babb13
Esc-4_dos_averias_simultaneas,c2,5,QUEVEDO_CENTRO,c6e4a1e2-f819-4062-b85a-ddf284ee57d0
Esc-4_dos_averias_simultaneas,c2,5,QUEVEDO_NORTE,5ab017d5-d52f-408b-aa35-2a8ff18a505d
Esc-4_dos_averias_simultaneas,c2,5,QUEVEDO_CENTRO,5747a06c-ddfa-43df-861e-5066e4e90adf
Esc-4_dos_averias_simultaneas,c2,5,QUEVEDO_NORTE,69d93371-f240-489f-9c68-41b861498d2c
Esc-4_dos_averias_simultaneas,c2,5,QUEVEDO_CENTRO,dfb7be1b-8453-4e7a-84a7-bb184636007c
Esc-4_dos_averias_simultaneas,c2,5,QUEVEDO_CENTRO,fb53f4bb-556d-4007-974c-eb81f8ccbe0c
Esc-4_dos_averias_simultaneas,c2,5,QUEVEDO_CENTRO,104a5796-6181-40c3-bc44-00f01270e038
Esc-4_dos_averias_simultaneas,c2,5,QUEVEDO_NORTE,8d0b03e0-5ad3-4331-816d-ae4f855641df
